"id","code","date","day","month","year","period","state","typeMineral","typeMaterial","numberBags","checkTransport","merma","tmhBase","tmhCom","tmsBase","tmsCom","checkH2o","h2o","h2oCom","auFine","agFine","auRec","agRec","auGrade","agGrade","auGradeGr","agGradeGr","auGradeCom","agGradeCom","auMeanGrade","auGross","copper","consNaCN","consNaOH","blown_lote","validated","description","createUser","updateUser","status","extLoteId","extUse","createdAt","updatedAt","collectorId","zoneId","supplierId","referenceId","lotetypeId","costcenterId"
146,"24-0146","2024-01-17",17,Enero,2024,"2024-01",retirado,"",SULFURO,0,0,0.0,0.0,0.0,0.0,0.0,0,0.0,0.0,0.000,0.000,0.90003,0.4,0.045,0.07,1.543,2.400,0.045,0.049,0.045,,,2.0693,3.4,0,1,,admin,admin,0,,0,"2024-02-07 12:25:46","2024-04-01 11:40:54",24,8,,645,,2
147,"24-0147","2024-01-17",17,Enero,2024,"2024-01",retirado,"",SULFURO,0,0,0.0,0.0,0.0,0.0,0.0,0,0.0,0.0,0.000,0.000,0.9,0.4,0.0,0.0,0.000,0.000,,,0.0,,,,,0,1,,admin,admin,0,,0,"2024-02-07 12:25:46","2024-04-01 11:59:10",24,8,,645,,2
148,"24-0148","2024-01-17",17,Enero,2024,"2024-01",retirado,"",SULFURO,0,0,0.0,0.0,0.0,0.0,0.0,0,0.0,0.0,0.000,0.000,0.9,0.4,0.0,0.0,0.000,0.000,,,0.0,,,,,0,1,,admin,admin,0,,0,"2024-02-07 12:25:46","2024-04-01 11:59:22",24,8,,645,,2
149,"24-0149","2024-01-17",17,Enero,2024,"2024-01",retirado,"",SULFURO,0,0,0.0,0.0,0.0,0.0,0.0,0,0.0,0.0,0.000,0.000,0.9,0.4,0.0,0.0,0.000,0.000,,,0.0,,,,,0,1,,admin,admin,0,,0,"2024-02-07 12:25:46","2024-04-01 11:59:40",24,8,,645,,2
150,"24-0150","2024-01-17",17,Enero,2024,"2024-01",retirado,"",SULFURO,0,0,0.0,0.0,0.0,0.0,0.0,0,0.0,0.0,0.000,0.000,0.9,0.4,0.0,0.0,0.000,0.000,,,0.0,,,,,0,1,,admin,admin,0,,0,"2024-02-07 12:25:46","2024-04-01 11:59:58",24,8,,645,,2
151,"24-0151","2024-01-17",17,Enero,2024,"2024-01",retirado,"",SULFURO,0,0,0.0,0.0,0.0,0.0,0.0,0,0.0,0.0,0.000,0.000,0.9,0.4,0.0,0.0,0.000,0.000,,,0.0,,,,,0,1,,admin,admin,0,,0,"2024-02-07 12:25:46","2024-04-01 12:00:10",24,8,,645,,2
152,"24-0152","2024-01-17",17,Enero,2024,"2024-01",retirado,"",SULFURO,0,0,0.0,0.0,0.0,0.0,0.0,0,0.0,0.0,0.000,0.000,0.9,0.4,0.026,0.093,0.891,3.189,,,0.026,,,,,0,1,,admin,admin,0,,0,"2024-02-07 12:25:46","2024-04-01 12:00:25",24,8,,645,,2
153,"24-0153","2024-01-17",17,Enero,2024,"2024-01",retirado,"",SULFURO,0,0,0.0,0.0,0.0,0.0,0.0,0,0.0,0.0,0.000,0.000,0.9,0.4,0.016,0.088,0.549,3.017,,,0.016,,,,,0,1,,admin,admin,0,,0,"2024-02-07 12:25:46","2024-04-01 12:00:33",24,8,,645,,2
158,"24-0158","2024-01-17",17,Enero,2024,"2024-01",retirado,"",SULFURO,0,0,0.0,0.0,0.0,0.0,0.0,0,0.0,0.0,0.000,0.000,0.90001,0.4,0.042,0.105,1.440,3.600,0.042,0.074,0.042,,,1.8894,3.4,0,1,,admin,admin,0,,0,"2024-02-07 12:25:46","2024-04-01 12:00:52",24,8,,645,,2
1274,"24-1058","2024-03-11",11,Marzo,2024,"2024-03",retirado,MINERAL,SULFURO,16,0,0.05,1.754,1.67,1.693,1.603,0,0.03458,0.04,20.548,24.030,0.2102,0.0,0.354,0.414,12.137,14.194,0.323,0.289,0.354,0.057,,12.146,3.2,0,1,,mccama,mccama,0,,0,"2024-03-11 18:13:32","2024-04-11 10:21:49",11,8,322,803,,2
519,"24-0519","2024-02-08",8,Febrero,2024,"2024-02",anulado,"","",0,1,0.0,0.0,0.0,0.0,0.0,0,0.0,0.0,,,,,,,,,,,0.0,,,,,1,1,,admin,admin,0,,0,"2024-02-12 14:49:46","2024-04-01 12:47:40",,,,,,
2545,"24-2320","2024-05-14",14,Mayo,2024,"2024-05",volado,MINERAL,OXIDO,63,1,0.025,5.033,4.91,4.986,4.84,0,0.00932,0.0143,6.325,43.933,0.87,0.0,0.037,0.257,1.269,8.811,0.036,0.179,0.037,0.14141,0.00009,1.98,2.6,1,1,,balanza,acalle,1,,0,"2024-05-14 21:46:08","2024-05-17 16:41:28",11,1,348,1012,,2
2850,"24-2627","2024-05-30",30,Mayo,2024,"2024-05",volado,MINERAL,OXIDO,0,0,0.025,27.675,27.0,24.428,23.698,0,0.11732,0.1223,39.363,2334.989,0.9109,0.0,0.047,2.788,1.611,95.587,0.046,1.951,0.047,0.0196,0.00018,6.39,10.0,1,1,,balanza,farizapana,1,,0,"2024-05-30 10:43:43","2024-09-10 18:31:30",30,11,203,1141,,7
2941,"24-2717","2024-06-03",3,Junio,2024,"2024-06",retirado,MINERAL,SULFURO,10,1,0.025,0.881,0.86,0.872,0.847,0,0.0101,0.015,26.698,32.258,0.9318,0.0,0.893,1.079,30.617,36.994,0.848,0.755,0.893,0.44218,0.01002,9.63,4.0,0,1,,balanza,farizapana,0,,0,"2024-06-03 17:19:44","2024-07-05 11:52:03",6,18,169,1148,,10
2948,"24-2721","2024-06-03",3,Junio,2024,"2024-06",retirado,MINERAL,OXIDO,10,1,0.025,0.892,0.87,0.876,0.851,0,0.0174,0.0224,35.500,33.638,0.9072,0.0,1.182,1.12,40.525,38.399,1.137,0.784,1.182,0.49039,0.01043,17.36,3.8,0,1,,balanza,balanza,0,,0,"2024-06-03 22:27:23","2024-07-26 08:51:07",6,18,169,,,10
2950,"24-2728","2024-06-03",3,Junio,2024,"2024-06",retirado,MINERAL,SULFURO,10,1,0.025,0.881,0.86,0.871,0.846,0,0.0116,0.0166,25.263,35.357,0.9273,0.0,0.846,1.184,29.005,40.593,0.8,0.828,0.846,0.44659,0.01042,11.61,3.4,0,1,,balanza,balanza,0,,0,"2024-06-03 22:57:01","2024-07-26 08:51:26",6,18,169,,,10
2952,"24-2731","2024-06-03",3,Junio,2024,"2024-06",retirado,MINERAL,SULFURO,10,1,0.025,0.871,0.85,0.863,0.838,0,0.0092,0.0142,28.996,38.849,0.938,0.0,0.98,1.313,33.599,45.016,0.935,0.918,0.98,0.42885,0.01104,10.62,3.0,0,1,,balanza,balanza,0,,0,"2024-06-03 23:06:58","2024-07-26 08:51:40",6,18,169,,,10
3398,"24-3178","2024-06-21",21,Junio,2024,"2024-06",volado,MINERAL,OXIDO,12,1,0.025,0.994,0.97,0.983,0.955,0,0.01064,0.0156,1.517,20.255,0.855,0.0,0.045,0.601,1.543,20.605,0.044,0.42,0.045,0.03185,0.00021,4.05,4.0,1,1,,balanza,acalle,1,,0,"2024-06-21 17:20:54","2024-06-27 15:27:34",11,5,397,,,2
3428,"24-3201","2024-06-23",23,Junio,2024,"2024-06",volado,MINERAL,SULFURO,39,1,0.025,2.409,2.35,2.381,2.311,0,0.01166,0.0166,6.857,26.204,0.7448,0.0,0.084,0.321,2.880,11.005,0.084,0.224,0.084,0.29106,0.00031,3.6,3.6,1,1,,balanza,ksantos,1,,0,"2024-06-23 10:28:28","2024-06-28 10:39:17",7,25,315,,,16
3463,"24-3238","2024-06-25",25,Junio,2024,"2024-06",volado,MINERAL,SULFURO,29,1,0.025,1.579,1.54,1.521,1.476,0,0.03644,0.0414,1.982,17.626,0.9003,0.0,0.038,0.338,1.303,11.588,0.037,0.236,0.038,0.27391,0.00718,19.95,3.4,1,1,,balanza,ksantos,1,,0,"2024-06-25 21:06:18","2024-06-28 10:50:08",7,26,4,,,16
3499,"24-3273","2024-06-27",27,Junio,2024,"2024-06",volado,MINERAL,SULFURO,54,1,0.025,5.35,5.22,5.203,5.05,0,0.0275,0.0325,6.243,612.930,0.9044,0.0,0.035,3.436,1.200,117.803,0.035,2.405,0.035,0.14347,0.00188,4.5,2.8,1,1,,balanza,ksantos,1,,0,"2024-06-27 18:10:22","2024-07-02 10:04:24",6,28,186,,,10
3562,"24-3339","2024-07-01",1,Julio,2024,"2024-07",facturado,MINERAL,OXIDO,50,1,0.05,4.357,4.15,4.004,3.793,0,0.081,0.086,9.884,685.425,0.927,0.0,0.072,4.993,2.469,171.185,0.071,3.495,0.072,0.09859,0.00056,3.24,3.4,1,1,,balanza,ksantos,1,,0,"2024-07-01 16:27:54","2024-07-04 17:41:27",11,19,224,,,2
3947,"24-3723","2024-07-16",16,Julio,2024,"2024-07",volado,MINERAL,SULFURO,112,1,0.068,11.481,10.75,10.916,10.167,0,0.04921,0.0542,22.455,46.033,0.9366,0.0,0.06,0.123,2.057,4.217,0.059,0.085,0.06,0.17199,0.00007,1.98,2.6,1,1,,balanza,ksantos,1,,0,"2024-07-16 06:02:58","2024-07-18 01:18:12",2,3,412,,,1
4091,"24-3865","2024-07-22",22,Julio,2024,"2024-07",volado,MINERAL,OXIDO,198,0,0.025,16.359,15.96,15.016,14.571,0,0.08208,0.087,14.415,9.267,0.9198,0.0,0.028,0.018,0.960,0.617,0.027,0.012,0.028,0.19404,0.00079,6.21,3.2,1,1,,balanza,ksantos,1,,0,"2024-07-23 02:02:44","2024-07-26 17:38:28",33,56,407,,,8
4092,"24-3864","2024-07-22",22,Julio,2024,"2024-07",volado,MINERAL,OXIDO,20,0,0.025,1.835,1.79,1.763,1.711,0,0.039,0.044,0.907,1.390,0.913,0.0,0.015,0.023,0.514,0.789,0.015,0.016,0.015,0.10074,0.00013,5.4,3.4,1,1,,balanza,ksantos,1,,0,"2024-07-23 02:04:50","2024-07-26 17:41:48",33,56,407,,,8
4135,"24-3910","2024-07-25",25,Julio,2024,"2024-07",retirado,MINERAL,OXIDO,39,1,0.025,2.788,2.72,2.619,2.542,0,0.06052,0.0655,9.518,40.856,0.9058,0.0,0.106,0.455,3.634,15.600,0.096,0.318,0.106,0.34849,0.00019,12.6,5.0,1,1,,balanza,admin,0,,0,"2024-07-25 08:39:06","2024-08-27 09:59:07",21,11,224,,,7
4138,"24-3913","2024-07-25",25,Julio,2024,"2024-07",retirado,MINERAL,OXIDO,30,1,0.025,2.153,2.1,2.045,1.984,0,0.05022,0.0552,8.133,32.322,0.9106,0.0,0.116,0.461,3.977,15.805,0.105,0.322,0.116,0.37632,0.00016,12.15,5.6,1,1,,balanza,admin,0,,0,"2024-07-25 16:23:05","2024-08-27 09:59:24",21,11,224,,,7
4188,"24-3964","2024-07-27",27,Julio,2024,"2024-07",volado,MINERAL,OXIDO,40,1,0.05,3.465,3.3,3.317,3.143,0,0.0428,0.0477,6.596,6.027,0.9331,0.0,0.058,0.053,1.989,1.817,0.057,0.036,0.058,0.15004,0.00019,1.8,5.0,1,1,,balanza,ksantos,1,,0,"2024-07-27 06:19:56","2024-07-30 10:45:56",11,8,243,,,2
4198,"24-3975","2024-07-27",27,Julio,2024,"2024-07",volado,MINERAL,OXIDO,17,1,0.025,1.23,1.2,1.203,1.168,0,0.02181,0.0268,2.640,0.949,0.9331,0.0,0.064,0.023,2.194,0.789,0.064,0.016,0.064,0.13328,0.00012,7.11,3.2,1,1,,balanza,ksantos,1,,0,"2024-07-27 17:06:14","2024-07-30 16:26:53",13,25,128,,,16
4278,"24-4053","2024-07-31",31,Julio,2024,"2024-07",volado,MINERAL,OXIDO,29,1,0.05,2.446,2.33,2.441,2.3,0,0.00207,0.013,5.356,101.097,0.9163,0.0,0.064,1.208,2.194,41.416,0.063,0.845,0.064,0.18953,0.00026,1.8,3.0,1,1,,balanza,ksantos,1,,0,"2024-07-31 20:07:33","2024-08-03 12:15:46",11,1,350,,,2
4316,"24-4089","2024-08-02",2,Agosto,2024,"2024-08",volado,MINERAL,OXIDO,30,1,0.025,2.101,2.05,2.081,2.02,0,0.00963,0.0146,5.779,19.549,0.805,0.0,0.081,0.274,2.777,9.394,0.08,0.191,0.081,0.05625,0.00005,1.98,3.0,1,1,,balanza,acalle,1,,0,"2024-08-02 15:00:20","2024-08-05 17:45:14",6,14,350,,,10
4499,"24-4265","2024-08-07",7,Agosto,2024,"2024-08",volado,MINERAL,SULFURO,0,0,0.025,13.96,13.62,13.614,13.215,0,0.02475,0.0297,36.874,49.009,0.7978,0.0,0.079,0.105,2.709,3.600,0.079,0.073,0.079,0.08203,0.00608,6.84,2.8,1,1,,balanza,aquispe,1,,0,"2024-08-07 21:45:55","2024-08-13 10:03:08",21,20,110,,,13
4520,"24-4297","2024-08-08",8,Agosto,2024,"2024-08",volado,MINERAL,OXIDO,25,1,0.05,2.594,2.47,2.506,2.373,0,0.03411,0.0391,4.983,693.188,0.9073,0.0,0.058,8.068,1.989,276.611,0.057,5.647,0.058,0.09761,0.00036,2.07,3.0,1,1,,balanza,ksantos,1,,0,"2024-08-08 15:03:30","2024-08-13 10:17:51",11,1,93,,,2
4547,"24-4309","2024-08-09",9,Agosto,2024,"2024-08",anulado,ARENILLA,OXIDO,0,0,0.025,0.0,0.0,0.0,0.0,0,,,,,,,,,,,,,0.4,,,,,0,0,,balanza,admin,0,,0,"2024-08-10 10:45:48","2024-08-10 11:08:12",13,25,,,,16
4570,"24-4343","2024-08-10",10,Agosto,2024,"2024-08",volado,MINERAL,OXIDO,10,1,0.025,0.861,0.84,0.856,0.828,0,0.00564,0.0146,1.526,0.000,0.8732,0.0,0.052,0.0,1.783,0.000,0.052,0.0,0.052,0.18875,0.00014,1.89,2.6,1,1,,balanza,farizapana,1,,0,"2024-08-11 08:03:21","2024-08-19 11:54:44",11,30,348,,,2
4607,"24-4380","2024-08-13",13,Agosto,2024,"2024-08",volado,MINERAL,OXIDO,14,1,0.025,1.189,1.16,1.183,1.142,0,0.00471,0.0157,3.610,7.585,0.912,0.0,0.089,0.187,3.051,6.411,0.088,0.13,0.089,0.07193,0.00142,3.69,3.2,1,1,,balanza,acalle,1,,0,"2024-08-13 08:36:08","2024-08-17 09:28:24",37,45,3,,,15
4625,"24-4403","2024-08-14",14,Agosto,2024,"2024-08",volado,MINERAL,OXIDO,35,1,0.05,2.814,2.68,2.784,2.638,0,0.01082,0.0158,7.350,424.845,0.9102,0.0,0.077,4.451,2.640,152.603,0.076,3.115,0.077,0.04292,0.00027,2.7,3.2,1,1,,balanza,ksantos,1,,0,"2024-08-14 11:17:54","2024-08-20 16:37:08",11,19,329,,,2
4626,"24-4400","2024-08-14",14,Agosto,2024,"2024-08",volado,MINERAL,OXIDO,35,1,0.05,2.856,2.72,2.827,2.679,0,0.01028,0.0152,8.626,464.168,0.9041,0.0,0.089,4.789,3.051,164.191,0.089,3.352,0.089,0.05292,0.00059,1.98,3.2,1,1,,balanza,ksantos,1,,0,"2024-08-14 11:25:01","2024-08-20 16:41:03",11,19,329,,,2
4814,"24-4584","2024-08-24",24,Agosto,2024,"2024-08",volado,MINERAL,OXIDO,30,1,0.05,2.09,1.99,2.081,1.963,0,0.0044,0.0134,3.567,455.337,0.9032,0.0,0.05,6.382,1.714,218.807,0.05,4.467,0.05,0.08712,0.00058,1.8,3.2,1,1,,balanza,ksantos,1,,0,"2024-08-24 12:50:21","2024-08-26 12:40:06",11,19,329,,,2
4821,"24-4597","2024-08-25",25,Agosto,2024,"2024-08",volado,MINERAL,OXIDO,0,0,0.025,24.815,24.21,23.317,22.629,0,0.06037,0.0653,70.349,27.980,0.8113,0.0,0.088,0.035,3.017,1.200,0.087,0.024,0.088,0.04234,0.00007,2.7,3.0,1,1,,balanza,ksantos,1,,0,"2024-08-25 06:51:39","2024-08-28 09:34:11",20,20,337,,,13
4864,"24-4648","2024-08-27",27,Agosto,2024,"2024-08",volado,MINERAL,OXIDO,76,1,0.025,2.409,2.35,2.268,2.201,0,0.05856,0.0635,4.666,3.655,0.9336,0.0,0.06,0.047,2.057,1.611,0.06,0.032,0.06,0.28116,0.00038,5.13,11.0,1,1,,balanza,ksantos,1,,0,"2024-08-27 15:34:29","2024-08-30 10:14:33",13,25,387,,,16
4876,"24-4602","2024-08-25",25,Agosto,2024,"2024-08",anulado,MINERAL,OXIDO,380,1,0.025,29.725,29.0,0.0,0.0,0,,,,,,,,,,,,,1.0,,,,,0,0,,balanza,admin,0,,0,"2024-08-28 10:26:27","2024-08-31 20:30:55",1,50,448,,,3
4877,"24-4608","2024-08-25",25,Agosto,2024,"2024-08",anulado,MINERAL,OXIDO,380,1,0.025,29.725,29.0,0.0,0.0,0,,,,,,,,,,,,,1.0,,,,,0,0,,balanza,admin,0,,0,"2024-08-28 10:29:10","2024-08-31 20:31:19",1,50,448,,,3
4878,"24-4611","2024-08-25",25,Agosto,2024,"2024-08",anulado,MINERAL,OXIDO,380,1,0.025,29.725,29.0,0.0,0.0,0,,,,,,,,,,,,,1.0,,,,,0,0,,balanza,admin,0,,0,"2024-08-28 10:32:22","2024-08-31 20:31:47",1,50,448,,,3
4879,"24-4615","2024-08-25",25,Agosto,2024,"2024-08",anulado,MINERAL,OXIDO,380,1,0.025,29.725,29.0,0.0,0.0,0,,,,,,,,,,,,,1.0,,,,,0,0,,balanza,admin,0,,0,"2024-08-28 10:34:50","2024-08-31 20:32:09",1,50,448,,,3
4880,"24-4622","2024-08-25",25,Agosto,2024,"2024-08",anulado,MINERAL,OXIDO,380,1,0.025,29.725,29.0,0.0,0.0,0,,,,,,,,,,,,,1.0,,,,,0,0,,balanza,admin,0,,0,"2024-08-28 10:37:42","2024-08-31 20:32:34",1,50,448,,,3
4912,"24-4686","2024-08-29",29,Agosto,2024,"2024-08",pendiente,MINERAL,OXIDO,0,0,0.0,21.42,21.42,20.922,20.816,0,0.02326,0.0282,130.551,577.435,0.5421,0.0,0.182,0.805,6.240,27.599,0.182,0.563,0.182,0.08987,0.00923,8.37,2.8,0,1,,balanza,admin,1,,0,"2024-08-29 19:05:57","2024-11-21 12:27:50",38,60,83,,,11
4946,"24-4721","2024-08-31",31,Agosto,2024,"2024-08",volado,MINERAL,OXIDO,113,0,0.025,3.936,3.84,3.799,3.687,0,0.03487,0.0398,11.722,554.599,0.8729,0.0,0.09,4.258,3.086,145.986,0.08,2.98,0.09,0.12946,0.00014,5.94,4.2,1,1,,balanza,ksantos,1,,0,"2024-08-31 09:38:08","2024-09-03 18:15:15",17,11,113,,,7
4968,"24-4745","2024-08-31",31,Agosto,2024,"2024-08",facturado,MINERAL,OXIDO,36,0,0.05,3.202,3.05,3.019,2.861,0,0.05717,0.0621,8.281,24.738,0.9302,0.0,0.08,0.239,2.743,8.194,0.079,0.167,0.08,0.14034,0.00014,3.87,3.0,1,1,,balanza,farizapana,1,,0,"2024-08-31 19:52:53","2024-09-12 14:29:31",11,1,39,,,2
5019,"24-4789","2024-09-02",2,Septiembre,2024,"2024-09",volado,MINERAL,SULFURO,52,1,0.025,5.176,5.05,5.045,4.897,0,0.02524,0.0302,7.784,37.361,0.8502,0.0,0.045,0.216,1.543,7.406,0.044,0.151,0.045,0.12936,0.00064,3.51,3.0,1,1,,balanza,ksantos,1,,0,"2024-09-03 03:21:39","2024-09-06 15:08:19",11,5,287,,,2
5076,"24-4799","2024-09-03",3,Septiembre,2024,"2024-09",volado,MINERAL,SULFURO,23,1,0.025,2.44,2.38,2.406,2.335,0,0.01404,0.019,6.929,4.784,0.8841,0.0,0.084,0.058,2.880,1.989,0.084,0.04,0.084,0.10486,0.00004,5.04,3.0,1,1,,balanza,ksantos,1,,0,"2024-09-04 09:03:52","2024-09-09 08:33:37",32,56,435,,,8
5103,"24-4828","2024-09-03",3,Septiembre,2024,"2024-09",anulado,MINERAL,SULFURO,11,0,0.0,0.0,0.0,0.0,0.0,0,0.00575,,,,,,,,,,,,1.0,,,,,0,0,,balanza,admin,0,,0,"2024-09-04 13:54:50","2024-09-27 11:10:15",1,29,469,,,12
5107,"24-4853","2024-09-03",3,Septiembre,2024,"2024-09",anulado,MINERAL,SULFURO,12,0,0.0,0.0,0.0,,0.0,0,,,,,,,,,,,,,1.0,,,,,0,0,,balanza,admin,0,,0,"2024-09-04 14:08:18","2024-09-16 09:34:47",1,29,469,,,12
5114,"24-4800","2024-09-03",3,Septiembre,2024,"2024-09",volado,MINERAL,OXIDO,65,1,0.025,5.504,5.37,5.198,5.045,0,0.05562,0.0606,14.435,8.376,0.913,0.0,0.081,0.047,2.777,1.611,0.08,0.032,0.081,0.10986,0.00008,4.23,7.0,1,1,,balanza,ksantos,1,,0,"2024-09-04 17:04:16","2024-09-09 08:32:21",32,56,435,,,8
5236,"24-5019","2024-09-07",7,Septiembre,2024,"2024-09",volado,MINERAL,SULFURO,45,1,0.023,4.358,4.26,4.246,4.13,0,0.0256,0.0306,7.133,72.205,0.796,0.0,0.049,0.496,1.680,17.005,0.049,0.347,0.049,0.0835,0.00112,5.13,5.13,1,1,,balanza,aquispe,1,,0,"2024-09-07 16:36:55","2024-09-12 09:59:59",11,5,287,,,2
5289,"24-5051","2024-09-08",8,Septiembre,2024,"2024-09",anulado,MINERAL,SULFURO,0,0,0.023,0.0,0.0,,0.0,0,,,,,,,,,,,,,0.8,,,,,0,0,,balanza,admin,0,,0,"2024-09-09 16:55:05","2024-09-09 16:58:04",6,14,292,,,10
5307,"24-5082","2024-09-10",10,Septiembre,2024,"2024-09",volado,MINERAL,OXIDO,40,1,0.023,3.171,3.1,3.065,2.981,0,0.03351,0.0385,6.305,359.175,0.9078,0.0,0.06,3.418,2.057,117.186,0.06,2.392,0.06,0.05527,0.00009,3.96,6.0,1,1,,balanza,ksantos,1,,0,"2024-09-11 02:37:40","2024-09-17 09:41:12",21,11,224,,,7
5318,"24-5092","2024-09-11",11,Septiembre,2024,"2024-09",facturado,MINERAL,OXIDO,0,0,0.023,29.984,29.31,27.838,27.068,0,0.07156,0.0765,101.169,6091.145,0.9047,0.0,0.106,6.382,3.634,218.807,0.096,4.467,0.106,0.08742,0.00006,3.78,3.6,1,1,,balanza,farizapana,1,,0,"2024-09-11 04:16:59","2024-10-07 16:08:59",17,11,113,,,7
5322,"24-5096","2024-09-11",11,Septiembre,2024,"2024-09",volado,MINERAL,OXIDO,220,0,0.023,16.491,16.12,14.969,14.552,0,0.09231,0.0973,36.951,71.850,0.9055,0.0,0.072,0.14,2.469,4.800,0.071,0.098,0.072,0.05429,0.00007,4.41,5.0,1,1,,balanza,ksantos,1,,0,"2024-09-11 12:18:02","2024-09-17 09:41:41",11,49,104,,,7
5343,"24-5118","2024-09-12",12,Septiembre,2024,"2024-09",pendiente,MINERAL,SULFURO,0,0,0.0,35.47,35.47,34.882,34.707,0,0.01657,0.0215,223.639,1064.377,0.5551,0.0,0.187,0.89,6.411,30.514,0.172,0.623,0.187,0.1318,0.0085,12.6,2.6,0,1,,balanza,admin,1,,0,"2024-09-12 17:07:13","2024-11-21 12:28:44",38,60,83,,,11
5419,"24-5195","2024-09-15",15,Septiembre,2024,"2024-09",facturado,MINERAL,OXIDO,0,0,0.023,26.455,25.86,24.173,23.502,0,0.08627,0.0912,80.391,130.946,0.9337,0.0,0.097,0.158,3.326,5.417,0.086,0.11,0.097,0.04057,0.00007,2.43,2.8,1,1,,balanza,farizapana,1,,0,"2024-09-16 00:25:50","2024-09-25 15:25:37",21,11,485,,,7
5469,"24-5245","2024-09-18",18,Septiembre,2024,"2024-09",pendiente,MINERAL,SULFURO,0,0,0.0,22.43,22.43,22.109,22.109,0,0.0143,0.0143,146.295,1202.957,0.7416,0.0,0.193,1.587,6.617,54.410,0.193,1.587,0.193,0.18453,0.01115,12.87,2.8,0,1,,balanza,admin,1,,0,"2024-09-18 15:38:59","2024-11-21 12:30:19",38,60,83,,,11
5470,"24-5246","2024-09-18",18,Septiembre,2024,"2024-09",volado,MINERAL,SULFURO,26,1,0.023,2.568,2.51,2.556,2.476,0,0.0046,0.0136,2.629,18.929,0.711,0.0,0.03,0.216,1.029,7.406,0.03,0.151,0.03,0.02783,0.00044,3.33,2.6,1,1,,balanza,ksantos,1,,0,"2024-09-18 15:52:41","2024-09-23 10:19:23",11,5,225,,,2
5476,"24-5252","2024-09-19",19,Septiembre,2024,"2024-09",volado,MINERAL,OXIDO,0,0,0.023,18.578,18.16,18.179,17.681,0,0.02147,0.0264,29.294,1170.496,0.923,0.0,0.047,1.878,1.611,64.387,0.047,1.314,0.047,0.06693,0.00004,3.78,3.0,1,1,,balanza,ksantos,1,,0,"2024-09-19 01:43:08","2024-09-23 09:03:42",17,11,113,,,7
5479,"24-5255","2024-09-19",19,Septiembre,2024,"2024-09",volado,ARENILLA,OXIDO,56,0,0.023,3.724,3.64,3.497,3.4,0,0.06096,0.0659,5.275,0.719,0.9371,0.0,0.044,0.006,1.509,0.206,0.043,0.004,0.044,0.06782,0.00002,1.53,4.4,1,1,,balanza,ksantos,1,,0,"2024-09-19 03:51:02","2024-09-23 09:55:08",21,11,485,,,7
5574,"24-5346","2024-09-23",23,Septiembre,2024,"2024-09",volado,MINERAL,OXIDO,0,0,0.023,32.132,31.41,31.228,30.37,0,0.02814,0.0331,51.391,987.141,0.8958,0.0,0.048,0.922,1.646,31.611,0.048,0.645,0.048,0.06115,0.00002,3.6,3.0,1,1,,balanza,ksantos,1,,0,"2024-09-23 10:31:18","2024-09-26 11:52:16",21,11,203,,,7
5659,"24-5434","2024-09-27",27,Septiembre,2024,"2024-09",volado,MINERAL,OXIDO,15,1,0.023,0.808,0.79,0.781,0.759,0,0.03373,0.0387,2.035,115.595,0.9015,0.0,0.076,4.317,2.606,148.008,0.075,3.021,0.076,0.07438,0.00121,22.07,15.0,1,0,,balanza,farizapana,1,,0,"2024-09-27 14:29:48","2024-09-30 08:07:06",13,25,47,,,16
5691,"24-5468","2024-09-29",29,Septiembre,2024,"2024-09",pendiente,MINERAL,SULFURO,0,1,0.0,25.11,25.11,24.587,24.588,0,0.02083,0.0208,168.593,520.953,0.7025,0.0,0.2,0.618,6.857,21.188,0.199,0.618,0.2,0.28126,0.00537,10.44,2.8,0,1,,balanza,admin,1,,0,"2024-09-29 12:40:23","2024-11-21 12:30:36",38,60,83,,,11
5890,"24-5373","2024-09-24",24,Septiembre,2024,"2024-09",anulado,MINERAL,SULFURO,0,1,0.0,0.0,0.0,,0.0,0,,,,,,,,,,,,,1.0,,,,,0,0,,balanza,admin,0,,0,"2024-10-04 10:36:47","2024-10-09 12:14:09",1,50,435,,,3
6160,"24-5933","2024-10-14",14,Octubre,2024,"2024-10",volado,MINERAL,SULFURO,10,1,0.023,0.614,0.6,0.609,0.592,0,0.00808,0.013,1.837,3.048,0.9005,0.0,0.088,0.146,3.017,5.006,0.087,0.102,0.088,0.18248,0.00037,2.34,3.8,1,1,,balanza,ksantos,1,,0,"2024-10-14 14:46:41","2024-10-20 15:13:59",11,25,247,,,16
6217,"24-5988","2024-10-16",16,Octubre,2024,"2024-10",volado,MINERAL,SULFURO,31,1,0.023,1.35,1.32,1.341,1.303,0,0.0066,0.013,2.805,11.816,0.8962,0.0,0.061,0.257,2.091,8.811,0.06,0.179,0.061,0.24402,0.00015,2.52,2.8,1,1,,balanza,farizapana,1,,0,"2024-10-16 23:00:05","2024-10-23 12:12:26",11,25,180,,,16
6256,"24-6029","2024-10-18",18,Octubre,2024,"2024-10",volado,MINERAL,OXIDO,10,1,0.023,1.013,0.99,0.995,0.967,0,0.01807,0.023,1.501,7.369,0.9241,0.0,0.044,0.216,1.509,7.406,0.043,0.151,0.044,0.09379,0.00016,4.95,4.0,1,1,,balanza,ksantos,1,,0,"2024-10-18 23:34:26","2024-10-21 12:23:33",28,5,11,,,2
6261,"24-6035","2024-10-19",19,Octubre,2024,"2024-10",volado,MINERAL,OXIDO,28,1,0.023,2.578,2.52,2.483,2.414,0,0.03691,0.0419,6.214,14.898,0.9368,0.0,0.073,0.175,2.503,6.000,0.072,0.122,0.073,0.1521,0.00038,5.4,4.6,1,1,,balanza,admin,1,,0,"2024-10-19 11:32:47","2024-10-24 20:18:13",28,8,316,,,2
6359,"24-6132","2024-10-23",23,Octubre,2024,"2024-10",volado,MINERAL,OXIDO,8,1,0.025,0.656,0.64,0.653,0.632,0,0.00468,0.013,0.828,2.082,0.9096,0.0,0.037,0.093,1.269,3.189,0.037,0.065,0.037,0.3823,0.00021,1.8,2.8,1,1,,balanza,farizapana,1,,0,"2024-10-23 18:02:36","2024-10-26 05:03:06",2,27,492,,,1
6432,"24-6206","2024-10-26",26,Octubre,2024,"2024-10",facturado,MINERAL,OXIDO,0,0,0.025,25.42,24.8,24.289,23.575,0,0.04449,0.0494,17.488,27693.881,0.9373,0.0,0.021,33.256,0.720,1140.182,0.021,23.279,0.021,0.15327,0.00073,11.61,3.2,1,1,,balanza,farizapana,1,,0,"2024-10-27 00:57:07","2024-11-12 16:00:58",13,20,508,,,13
6434,"24-6208","2024-10-27",27,Octubre,2024,"2024-10",facturado,MINERAL,OXIDO,0,0,0.025,27.583,26.91,24.425,23.697,0,0.11448,0.1194,30.984,32791.344,0.9341,0.0,0.037,39.158,1.269,1342.532,0.036,27.41,0.037,0.06233,0.00081,11.97,3.2,1,1,,balanza,farizapana,1,,0,"2024-10-27 05:19:03","2024-11-12 16:01:24",13,20,508,,,13
6441,"24-6215","2024-10-27",27,Octubre,2024,"2024-10",volado,MINERAL,OXIDO,120,1,0.025,5.842,5.7,5.569,5.405,0,0.04671,0.0517,5.155,5.537,0.9296,0.0,0.027,0.029,0.926,0.994,0.027,0.02,0.027,0.19835,0.00037,1.44,3.0,1,0,,balanza,ksantos,1,,0,"2024-10-27 11:43:37","2024-10-29 12:19:23",28,19,39,,,2
6479,"24-6233","2024-10-28",28,Octubre,2024,"2024-10",anulado,MINERAL,OXIDO,325,1,0.025,0.0,0.0,,0.0,0,,,,,,,,,,,,,1.0,,,,,0,1,,balanza,admin,0,,0,"2024-10-29 02:56:23","2024-11-04 14:53:02",1,50,435,,,3
6534,"24-6306","2024-10-30",30,Octubre,2024,"2024-10",volado,MINERAL,SULFURO,44,1,0.025,3.967,3.87,3.932,3.817,0,0.00881,0.0138,10.245,102.185,0.768,0.0,0.076,0.758,2.606,25.988,0.076,0.53,0.076,0.21139,0.00021,2.7,2.8,1,1,,balanza,ksantos,1,,0,"2024-10-30 16:35:54","2024-11-03 09:21:50",28,5,61,,,2
6614,"24-6401","2024-11-01",1,Noviembre,2024,"2024-11",volado,MINERAL,OXIDO,13,1,0.025,0.922,0.9,0.872,0.846,0,0.05455,0.0595,2.481,2.631,0.9048,0.0,0.083,0.088,2.846,3.017,0.082,0.061,0.083,0.28224,0.00091,4.05,9.0,1,1,"",balanza,ksantos,1,,0,"2024-11-02 05:08:40","2024-11-07 11:12:04",11,25,4,,,16
6677,"24-6447","2024-11-02",2,Noviembre,2024,"2024-11",volado,MINERAL,OXIDO,43,0,0.025,3.403,3.32,3.188,3.093,0,0.06331,0.0683,7.105,76.510,0.9052,0.0,0.065,0.7,2.229,23.999,0.064,0.49,0.065,0.12025,0.00011,3.24,6.2,1,1,"",balanza,ksantos,1,,0,"2024-11-02 18:47:10","2024-11-06 23:40:17",21,11,203,,,7
6762,"24-6534","2024-11-05",5,Noviembre,2024,"2024-11",facturado,ARENILLA,OXIDO,0,1,0.025,25.194,24.58,23.301,22.611,0,0.07513,0.0801,68.703,1337.316,0.9125,0.0,0.086,1.674,2.949,57.393,0.09,1.171,0.086,0.09575,0.00278,4.59,3.2,1,1,"",balanza,farizapana,1,,0,"2024-11-05 15:35:27","2024-11-11 16:21:50",37,45,3,,,15
6797,"24-6573","2024-11-06",6,Noviembre,2024,"2024-11",volado,MINERAL,OXIDO,40,1,0.025,3.659,3.57,3.54,3.436,0,0.03247,0.0374,10.802,248.564,0.9046,0.0,0.089,2.048,3.051,70.216,0.088,1.433,0.089,0.1615,0.00034,2.52,3.0,1,1,"",balanza,jccahua,1,,0,"2024-11-06 14:42:31","2024-11-12 05:36:35",28,1,3,,,2
6911,"24-6683","2024-11-09",9,Noviembre,2024,"2024-11",pendiente,MINERAL,SULFURO,0,0,0.0,24.05,24.05,23.782,23.783,0,0.01115,0.0111,90.506,423.175,0.5552,0.0,0.111,0.519,3.806,17.794,0.11,0.519,0.111,0.13798,0.00507,5.85,2.6,0,1,"",balanza,admin,1,,0,"2024-11-09 12:23:22","2024-11-21 12:30:54",38,60,83,,,11
6915,"24-6689","2024-11-09",9,Noviembre,2024,"2024-11",pendiente,MINERAL,SULFURO,0,0,0.0,26.62,26.62,26.359,26.362,0,0.00979,0.0097,110.254,532.290,0.5848,0.0,0.122,0.589,4.183,20.194,0.122,0.589,0.122,0.12515,0.00611,13.41,2.6,0,1,"",balanza,admin,1,,0,"2024-11-09 16:15:54","2024-11-21 12:31:09",38,60,83,,,11
6938,"24-6711","2024-11-10",10,Noviembre,2024,"2024-11",volado,MINERAL,SULFURO,83,1,0.025,3.506,3.42,3.482,3.375,0,0.00683,0.0131,7.760,6.924,0.7356,0.0,0.065,0.058,2.229,1.989,0.064,0.04,0.065,0.05508,0.00005,2.16,3.0,1,1,"",balanza,ksantos,1,,0,"2024-11-10 14:30:52","2024-11-14 15:15:56",11,25,388,,,16
6940,"24-6713","2024-11-10",10,Noviembre,2024,"2024-11",volado,MINERAL,SULFURO,75,1,0.025,2.931,2.86,2.919,2.821,0,0.00415,0.0135,9.007,2.302,0.8242,0.0,0.09,0.023,3.086,0.789,0.089,0.016,0.09,0.1324,0.00016,3.33,3.0,1,1,"",balanza,ksantos,1,,0,"2024-11-10 15:39:03","2024-11-15 11:39:33",11,25,388,,,16
7079,"24-6847","2024-11-16",16,Noviembre,2024,"2024-11",volado,MINERAL,OXIDO,0,1,0.025,32.8,32.0,31.7,30.768,0,0.03353,0.0385,106.510,361.916,0.8693,0.0,0.098,0.333,3.360,11.417,0.088,0.232,0.098,0.02783,0.00007,4.41,2.4,1,1,"",balanza,ksantos,1,,0,"2024-11-17 04:43:59","2024-11-20 17:18:12",21,11,480,,,7
7080,"24-6853","2024-11-17",17,Noviembre,2024,"2024-11",negociacion,MINERAL,SULFURO,17,0,0.0085,1.432,1.42,1.413,1.394,0,0.01323,0.0182,61.815,150.905,0.9236,0.0,1.276,3.115,43.748,106.798,1.224,2.18,1.276,0.3922,0.0169,13.68,2.8,0,1,"",balanza,aquispe,1,,0,"2024-11-17 14:47:43","2024-11-21 09:58:36",6,14,134,,,10
7081,"24-6854","2024-11-17",17,Noviembre,2024,"2024-11",negociacion,MINERAL,SULFURO,28,0,0.0085,2.683,2.66,2.657,2.621,0,0.00957,0.0145,88.362,132.361,0.9132,0.0,0.97,1.453,33.256,49.816,0.925,1.016,0.97,0.35858,0.01248,19.52,2.8,0,1,"",balanza,aquispe,1,,0,"2024-11-17 15:14:17","2024-11-21 08:29:29",6,14,134,,,10
7082,"24-6855","2024-11-17",17,Noviembre,2024,"2024-11",negociacion,MINERAL,SULFURO,30,0,0.0085,2.945,2.92,2.915,2.876,0,0.01016,0.0151,98.142,230.863,0.9339,0.0,0.982,2.31,33.668,79.198,0.936,1.617,0.982,0.38269,0.01548,12.15,2.8,0,1,"",balanza,aquispe,1,,0,"2024-11-17 15:16:58","2024-11-19 14:49:49",6,14,134,,,10
7094,"24-6861","2024-11-17",17,Noviembre,2024,"2024-11",volado,MINERAL,SULFURO,125,0,0.025,8.764,8.55,8.26,8.016,0,0.0575,0.0625,13.027,92.604,0.7453,0.0,0.046,0.327,1.577,11.211,0.046,0.228,0.046,0.14494,0.00104,5.22,2.8,1,1,"",balanza,jccahua,1,,0,"2024-11-18 01:27:01","2024-11-21 16:58:17",28,6,5,,,2
7099,"24-6872","2024-11-18",18,Noviembre,2024,"2024-11",negociacion,MINERAL,OXIDO,0,1,0.025,5.33,5.2,5.167,5.041,1,0.03061,0.0306,109.125,160.144,0.9064,0.0,0.616,0.904,21.120,30.994,0.58,0.632,0.616,0.11348,0.00351,2.25,12.2,0,1,"",balanza,aquispe,1,,0,"2024-11-18 09:09:45","2024-11-21 11:56:35",28,8,436,,,2
7100,"24-6873","2024-11-18",18,Noviembre,2024,"2024-11",negociacion,MINERAL,OXIDO,0,1,0.025,4.643,4.53,4.512,4.402,1,0.02825,0.0282,48.265,88.485,0.9029,0.0,0.312,0.572,10.697,19.611,0.292,0.4,0.312,0.25264,0.0019,1.08,14.8,0,1,"",balanza,aquispe,1,,0,"2024-11-18 15:38:55","2024-11-21 11:57:08",28,8,436,,,2
7108,"24-6887","2024-11-18",18,Noviembre,2024,"2024-11",negociacion,MINERAL,SULFURO,7,0,0.0085,0.716,0.71,0.711,0.701,0,0.00685,0.0132,15.382,23.328,0.937,0.0,0.631,0.957,21.634,32.811,0.59,0.669,0.631,0.58506,0.0047,10.62,2.6,0,1,"",balanza,aquispe,1,,0,"2024-11-18 23:12:32","2024-11-22 00:32:04",6,14,519,,,10
7111,"24-6888","2024-11-18",18,Noviembre,2024,"2024-11",negociacion,MINERAL,SULFURO,25,1,0.0085,2.188,2.17,2.177,2.141,0,0.00524,0.0133,44.708,70.086,0.922,0.0,0.599,0.939,20.537,32.194,0.563,0.657,0.599,0.47853,0.00489,6.12,2.6,0,1,"",balanza,aquispe,1,,0,"2024-11-19 01:39:33","2024-11-21 11:10:16",6,14,519,,,10
7113,"24-6879","2024-11-18",18,Noviembre,2024,"2024-11",negociacion,MINERAL,OXIDO,27,0,0.0085,2.047,2.03,1.975,1.949,0,0.03499,0.0399,23.835,21.736,0.9263,0.0,0.352,0.321,12.068,11.005,0.321,0.224,0.352,0.4016,0.00076,5.67,2.8,0,1,"",balanza,aquispe,1,,0,"2024-11-19 02:23:06","2024-11-21 10:13:43",6,28,145,,,10
7114,"24-6882","2024-11-18",18,Noviembre,2024,"2024-11",negociacion,MINERAL,OXIDO,26,0,0.0085,1.946,1.93,1.844,1.82,0,0.05227,0.0572,20.104,23.582,0.9236,0.0,0.318,0.373,10.903,12.788,0.297,0.261,0.318,0.39788,0.00082,4.77,2.8,0,1,"",balanza,aquispe,1,,0,"2024-11-19 02:29:43","2024-11-22 10:09:44",6,28,145,,,10
7117,"24-6884","2024-11-18",18,Noviembre,2024,"2024-11",negociacion,MINERAL,SULFURO,25,1,0.0085,2.108,2.09,2.089,2.061,0,0.00891,0.0139,70.189,123.690,0.9176,0.0,0.98,1.727,33.599,59.210,0.935,1.208,0.98,0.28802,0.01591,14.04,2.8,0,1,"",balanza,aquispe,1,,0,"2024-11-19 03:17:15","2024-11-22 00:31:33",6,14,513,,,10
7127,"24-6899","2024-11-19",19,Noviembre,2024,"2024-11",negociacion,ARENILLA,SULFURO,19,1,0.025,1.343,1.31,1.256,1.219,0,0.06455,0.0695,28.119,47.971,0.9215,0.0,0.653,1.114,22.388,38.193,0.612,0.779,0.653,0.07448,0.00539,8.1,2.8,0,1,"",balanza,aquispe,1,,0,"2024-11-19 16:54:42","2024-11-22 11:17:29",11,25,408,,,16
7130,"24-6905","2024-11-19",19,Noviembre,2024,"2024-11",negociacion,MINERAL,SULFURO,98,1,0.025,4.858,4.74,4.835,4.678,0,0.00478,0.0131,70.949,239.866,0.9029,0.0,0.428,1.447,14.674,49.610,0.392,1.012,0.428,0.11446,0.00754,4.32,2.6,0,1,"",balanza,aquispe,1,,0,"2024-11-19 22:00:58","2024-11-23 10:11:06",11,25,139,,,16
7132,"24-6908","2024-11-19",19,Noviembre,2024,"2024-11",volado,MINERAL,SULFURO,0,0,0.025,16.513,16.11,16.189,15.714,0,0.01961,0.0246,14.431,51.619,0.8296,0.0,0.026,0.093,0.891,3.189,0.025,0.065,0.026,0.16758,0.00047,6.39,2.4,1,1,"",balanza,aquispe,1,,0,"2024-11-19 23:16:08","2024-11-22 16:08:22",20,20,123,,,13
7133,"24-6907","2024-11-19",19,Noviembre,2024,"2024-11",volado,MINERAL,SULFURO,0,0,0.025,18.993,18.53,18.514,17.97,0,0.02522,0.0302,41.894,278.022,0.843,0.0,0.066,0.438,2.263,15.017,0.065,0.306,0.066,0.08555,0.0007,3.87,5.2,1,1,"",balanza,aquispe,1,,0,"2024-11-19 23:23:27","2024-11-22 16:08:18",20,20,123,,,13
7140,"24-6914","2024-11-20",20,Noviembre,2024,"2024-11",negociacion,MINERAL,SULFURO,80,1,0.025,4.018,3.92,4.01,3.867,0,0.00196,0.0135,33.271,516.523,0.9028,0.0,0.242,3.757,8.297,128.809,0.222,2.629,0.242,0.11691,0.00886,11.88,2.6,0,1,"",balanza,fvilca,1,,0,"2024-11-20 11:01:36","2024-11-25 11:06:40",11,25,139,,,16
7142,"24-6915","2024-11-20",20,Noviembre,2024,"2024-11",volado,ARENILLA,OXIDO,73,0,0.025,4.828,4.71,3.911,3.792,0,0.18996,0.1949,13.141,258.925,0.9099,0.0,0.098,1.931,3.360,66.204,0.087,1.351,0.098,0.04018,0.00463,5.22,5.2,1,1,"",balanza,acalle,1,,0,"2024-11-20 11:08:14","2024-11-23 12:18:07",37,45,112,,,15
7143,"24-6917","2024-11-20",20,Noviembre,2024,"2024-11",negociacion,MINERAL,MIXTO,32,1,0.025,1.896,1.85,1.851,1.797,0,0.02351,0.0285,24.115,29.256,0.9229,0.0,0.38,0.461,13.028,15.805,0.349,0.322,0.38,0.25117,0.00214,8.55,2.8,0,1,"",balanza,fvilca,1,,0,"2024-11-20 11:13:09","2024-11-25 11:19:38",11,25,,,,16
7144,"24-6918","2024-11-20",20,Noviembre,2024,"2024-11",negociacion,MINERAL,OXIDO,0,1,0.025,3.065,2.99,2.938,2.866,1,0.0415,0.0415,32.435,57.013,0.8766,0.0,0.322,0.566,11.040,19.405,0.291,0.396,0.322,0.18189,0.00222,14.85,3.0,0,1,"",balanza,aquispe,1,,0,"2024-11-20 12:28:36","2024-11-23 09:53:03",28,8,436,,,2
7154,"24-6924","2024-11-20",20,Noviembre,2024,"2024-11",negociacion,MINERAL,MIXTO,16,1,0.0085,1.271,1.26,1.263,1.243,0,0.00614,0.0133,131.614,133.877,0.9195,0.0,3.039,3.092,104.207,105.999,2.948,2.164,3.039,0.39572,0.0292,25.74,5.8,0,1,"",balanza,aquispe,1,,0,"2024-11-20 21:49:18","2024-11-26 09:27:00",6,14,258,,,10
7155,"24-6938","2024-11-20",20,Noviembre,2024,"2024-11",negociacion,MINERAL,SULFURO,17,1,0.025,1.62,1.58,1.606,1.558,0,0.00874,0.0137,22.454,5.460,0.9202,0.0,0.408,0.099,13.981,3.400,0.377,0.069,0.408,0.24912,0.00377,7.38,2.2,0,1,"",balanza,aquispe,1,,0,"2024-11-20 22:39:37","2024-11-25 09:33:47",6,14,67,,,10
7156,"24-6937","2024-11-20",20,Noviembre,2024,"2024-11",negociacion,MINERAL,MIXTO,14,1,0.0085,1.009,1.0,1.002,0.987,0,0.00733,0.0132,8.136,3.407,0.9094,0.0,0.237,0.099,8.119,3.400,0.216,0.069,0.237,0.37691,0.00239,5.31,2.6,0,1,"",balanza,aquispe,1,,0,"2024-11-20 23:53:43","2024-11-25 09:33:03",6,14,67,,,10
7157,"24-6935","2024-11-20",20,Noviembre,2024,"2024-11",negociacion,MINERAL,SULFURO,6,1,0.0085,0.524,0.52,0.521,0.513,0,0.00644,0.013,17.141,1.667,0.9121,0.0,0.96,0.093,32.899,3.200,0.914,0.065,0.96,0.22736,0.02088,26.64,2.8,0,1,"",balanza,aquispe,1,,0,"2024-11-21 00:04:09","2024-11-25 09:32:08",6,14,67,,,10
7158,"24-6934","2024-11-20",20,Noviembre,2024,"2024-11",negociacion,MINERAL,SULFURO,13,1,0.0085,0.958,0.95,0.946,0.933,0,0.01278,0.0177,4.357,73.220,0.9015,0.0,0.134,2.258,4.606,77.399,0.124,1.58,0.134,0.17219,0.01598,5.94,2.4,0,1,"",balanza,aquispe,1,,0,"2024-11-21 00:08:51","2024-11-25 09:31:13",6,14,67,,,10
7159,"24-6928","2024-11-20",20,Noviembre,2024,"2024-11",negociacion,MINERAL,SULFURO,16,1,0.0085,1.361,1.35,1.355,1.332,0,0.00423,0.0132,28.892,33.062,0.9154,0.0,0.622,0.712,21.322,24.400,0.581,0.498,0.622,0.49108,0.00331,5.4,2.4,0,1,"",balanza,aquispe,1,,0,"2024-11-21 00:26:00","2024-11-24 13:20:31",6,18,81,,,10
7171,"24-6947","2024-11-20",20,Noviembre,2024,"2024-11",negociacion,MINERAL,OXIDO,49,0,0.025,5.064,4.94,4.923,4.778,0,0.02787,0.0328,55.921,249.101,0.9303,0.0,0.331,1.476,11.359,50.600,0.301,1.033,0.331,0.33545,0.00116,3.6,3.6,0,1,"",balanza,fvilca,1,,0,"2024-11-21 04:42:15","2024-11-25 11:35:50",20,20,290,,,13
7172,"24-6949","2024-11-20",20,Noviembre,2024,"2024-11",negociacion,MINERAL,OXIDO,59,0,0.025,6.16,6.01,5.968,5.793,0,0.03118,0.0361,38.672,349.683,0.9014,0.0,0.189,1.709,6.480,58.593,0.174,1.196,0.189,0.30958,0.01488,36.98,2.6,0,1,"",balanza,fvilca,1,,0,"2024-11-21 06:07:10","2024-11-25 12:01:10",20,20,290,,,13
7173,"24-6950","2024-11-21",21,Noviembre,2024,"2024-11",negociacion,MINERAL,OXIDO,89,0,0.025,9.697,9.46,9.355,9.079,0,0.03531,0.0403,110.551,368.584,0.9377,0.0,0.345,1.149,11.817,39.400,0.314,0.804,0.345,0.28988,0.0024,6.03,6.6,0,1,"",balanza,fvilca,1,,0,"2024-11-21 06:10:00","2024-11-25 11:37:25",20,20,290,,,13
7174,"24-6951","2024-11-21",21,Noviembre,2024,"2024-11",negociacion,MINERAL,OXIDO,42,0,0.025,4.336,4.23,4.195,4.071,0,0.0325,0.0375,103.220,218.138,0.9364,0.0,0.718,1.517,24.606,52.000,0.677,1.061,0.718,0.52842,0.00077,3.87,4.4,0,1,"",balanza,fvilca,1,,0,"2024-11-21 06:17:23","2024-11-25 11:38:16",20,20,290,,,13
7175,"24-6952","2024-11-21",21,Noviembre,2024,"2024-11",negociacion,MINERAL,OXIDO,58,0,0.025,5.832,5.69,5.689,5.522,0,0.02456,0.0295,48.360,216.180,0.9211,0.0,0.248,1.108,8.501,38.000,0.227,0.775,0.248,0.31311,0.00195,11.43,4.4,0,1,"",balanza,fvilca,1,,0,"2024-11-21 06:19:40","2024-11-25 11:39:10",20,20,290,,,13
7182,"24-6955","2024-11-21",21,Noviembre,2024,"2024-11",negociacion,MINERAL,OXIDO,0,0,0.0085,78.592,77.93,77.099,76.06,0,0.019,0.024,1208.006,31117.389,0.8517,0.0,0.457,11.772,15.668,403.603,0.422,9.417,0.457,0.1679,0.002,6.66,2.6,0,1,"",balanza,admin,1,,0,"2024-11-21 15:01:31","2024-11-25 12:05:29",37,69,516,,,15
7184,"24-6957","2024-11-21",21,Noviembre,2024,"2024-11","",MINERAL,SULFURO,28,1,0.025,0.974,0.95,0.97,0.937,0,0.00406,0.0132,32.843,14.356,,,0.988,0.432,33.859,14.800,0.942,0.302,0.988,0.63043,0.00109,,,0,1,"",balanza,fvilca,1,,0,"2024-11-21 15:26:02","2024-11-24 15:59:47",11,25,36,,,16
7189,"24-6962","2024-11-21",21,Noviembre,2024,"2024-11",negociacion,MINERAL,SULFURO,59,1,0.0085,5.133,5.09,5.049,4.982,0,0.01634,0.0213,129.115,114.106,0.9028,0.0,0.746,0.659,25.572,22.600,0.705,0.461,0.746,0.42689,0.0037,4.14,2.6,0,1,"",balanza,fvilca,1,,0,"2024-11-21 17:02:48","2024-11-25 09:34:29",6,28,81,,,10
7190,"24-6963","2024-11-21",21,Noviembre,2024,"2024-11",negociacion,MINERAL,SULFURO,32,1,0.025,1.128,1.1,1.121,1.086,0,0.0066,0.013,20.702,45.064,0.9341,0.0,0.539,1.173,18.467,40.200,0.503,0.82,0.539,0.23167,0.00225,4.41,2.8,0,1,"",balanza,fvilca,1,,0,"2024-11-21 17:24:46","2024-11-25 12:20:36",11,25,4,,,16
7191,"24-6964","2024-11-21",21,Noviembre,2024,"2024-11","",MINERAL,SULFURO,27,1,0.025,1.363,1.33,1.347,1.308,0,0.01149,0.0164,25.274,68.158,,,0.547,1.476,18.763,50.600,0.512,1.033,0.547,0.44678,0.01039,,,0,1,"",balanza,fvilca,1,,0,"2024-11-21 18:00:03","2024-11-25 09:13:33",11,25,172,,,16
7192,"24-6965","2024-11-21",21,Noviembre,2024,"2024-11",negociacion,MINERAL,SULFURO,44,1,0.025,3.69,3.6,3.637,3.53,0,0.01449,0.0194,95.398,191.304,0.9231,0.0,0.765,1.534,26.230,52.600,0.725,1.073,0.765,0.35319,0.00954,9.81,2.6,0,1,"",balanza,fvilca,1,,0,"2024-11-21 18:37:14","2024-11-25 12:25:05",11,25,,,,16
7198,"24-6973","2024-11-21",21,Noviembre,2024,"2024-11",negociacion,MINERAL,OXIDO,40,1,0.025,3.844,3.75,3.751,3.64,0,0.02425,0.0292,73.062,156.790,,,0.568,1.219,19.478,41.800,0.533,0.853,0.568,0.58388,0.00025,,,0,1,"",balanza,fvilca,1,,0,"2024-11-22 02:12:08","2024-11-25 12:42:54",28,1,3,,,2
7205,"24-6978","2024-11-22",22,Noviembre,2024,"2024-11",negociacion,ARENILLA,OXIDO,147,0,0.025,9.194,8.97,8.407,8.157,0,0.08562,0.0906,52.863,6597.752,0.8905,0.0,0.183,22.89,6.288,784.793,0.168,19.456,0.183,0.03136,0.00074,4.86,2.6,0,1,"",balanza,fvilca,1,,0,"2024-11-22 10:56:04","2024-11-26 04:32:42",37,45,126,,,15
7207,"24-6982","2024-11-22",22,Noviembre,2024,"2024-11","",MINERAL,OXIDO,360,1,0.0,25.75,25.75,,0.0,0,,,,,,,,,,,,,0.25,,,,,0,1,"",balanza,fvilca,1,,0,"2024-11-22 12:30:39","2024-11-24 16:31:12",2,3,448,,,1
7208,"24-6981","2024-11-22",22,Noviembre,2024,"2024-11",negociacion,MINERAL,SULFURO,39,1,0.025,3.219,3.14,3.174,3.08,0,0.01408,0.019,85.554,159.968,0.9218,0.0,0.786,1.47,26.955,50.400,0.746,1.029,0.786,0.32369,0.00916,9.99,2.8,0,1,"",balanza,fvilca,1,,0,"2024-11-22 12:38:11","2024-11-25 12:55:30",11,25,,,,16
7209,"24-6984","2024-11-22",22,Noviembre,2024,"2024-11",negociacion,MINERAL,SULFURO,70,1,0.025,2.809,2.74,2.792,2.704,0,0.0059,0.0133,49.191,100.511,0.915,0.0,0.514,1.05,17.618,36.000,0.478,0.735,0.514,0.31566,0.00669,5.4,3.0,0,1,"",balanza,fvilca,1,,0,"2024-11-22 12:45:14","2024-11-25 12:58:06",11,25,219,,,16
7210,"24-6990","2024-11-22",22,Noviembre,2024,"2024-11","",MINERAL,OXIDO,32,1,0.025,1.271,1.24,1.24,1.204,0,0.02417,0.0291,39.548,24.800,,,0.93,0.583,31.893,20.000,0.885,0.408,0.93,0.50196,0.00088,,,0,1,"",balanza,fvilca,1,,0,"2024-11-22 18:50:30","2024-11-25 09:13:36",11,25,523,,,16
7211,"24-6995","2024-11-22",22,Noviembre,2024,"2024-11","",MINERAL,OXIDO,130,1,0.025,12.587,12.28,11.715,11.368,0,0.0693,0.0743,72.239,461.567,,,0.18,1.149,6.166,39.400,0.169,0.804,0.18,0.24843,0.00034,,,0,1,"",balanza,fvilca,1,,0,"2024-11-22 19:07:21","2024-11-24 17:21:46",28,19,316,,,2
7213,"24-6992","2024-11-22",22,Noviembre,2024,"2024-11",negociacion,MINERAL,SULFURO,49,0,0.0085,4.337,4.3,4.313,4.242,0,0.00543,0.0134,141.300,208.747,0.9036,0.0,0.956,1.412,32.761,48.400,0.91,0.988,0.956,0.42434,0.00944,9.54,3.0,0,1,"",balanza,fvilca,1,,0,"2024-11-22 19:23:04","2024-11-25 09:54:50",6,14,148,,,10
7214,"24-6997","2024-11-22",22,Noviembre,2024,"2024-11","",MINERAL,OXIDO,55,1,0.025,2.316,2.26,2.256,2.19,0,0.02582,0.0308,59.885,209.806,,,0.774,2.713,26.545,92.999,0.734,1.898,0.774,0.14465,0.02728,,,0,1,"",balanza,fvilca,1,,0,"2024-11-23 00:16:29","2024-11-26 09:43:25",11,25,4,,,16
7215,"24-6986","2024-11-22",22,Noviembre,2024,"2024-11",negociacion,MINERAL,OXIDO,30,0,0.025,2.255,2.2,1.967,1.908,0,0.12786,0.1328,26.754,37.373,0.9139,0.0,0.397,0.554,13.601,19.000,0.366,0.387,0.397,0.12622,0.00686,14.31,19.6,0,1,"",balanza,fvilca,1,,0,"2024-11-23 00:28:22","2024-11-26 09:37:51",28,8,61,,,2
7216,"24-6980","2024-11-22",22,Noviembre,2024,"2024-11",negociacion,MINERAL,SULFURO,21,0,0.025,1.958,1.91,1.947,1.885,0,0.00569,0.0133,104.434,265.568,0.9299,0.0,1.564,3.978,53.639,136.399,1.501,2.784,1.564,0.30478,0.05666,45.08,2.8,0,1,"",balanza,fvilca,1,,0,"2024-11-23 01:11:46","2024-11-26 09:36:46",28,8,61,,,2
7219,"24-6994","2024-11-22",22,Noviembre,2024,"2024-11",negociacion,MINERAL,OXIDO,70,1,0.025,6.622,6.46,6.322,6.135,0,0.0453,0.0503,2460.999,93.565,,,11.354,0.432,389.275,14.800,11.07,0.302,11.354,0.17581,0.00291,,,0,1,"",balanza,fvilca,1,,0,"2024-11-23 02:00:32","2024-11-26 09:15:51",28,8,328,,,2
7220,"24-7005","2024-11-22",22,Noviembre,2024,"2024-11",negociacion,ARENILLA,SULFURO,150,1,0.07,10.828,10.12,9.286,8.628,0,0.14241,0.1474,69.982,159.718,0.9018,0.0,0.22,0.502,7.536,17.200,0.204,0.351,0.22,0.03028,0.00083,2.7,2.4,0,1,"",balanza,fvilca,1,,0,"2024-11-23 02:09:13","2024-11-25 12:18:58",2,3,227,,,1
7221,"24-7004","2024-11-22",22,Noviembre,2024,"2024-11",negociacion,ARENILLA,SULFURO,158,1,0.07,10.454,9.77,10.025,9.321,0,0.04107,0.046,63.406,160.398,0.9006,0.0,0.184,0.467,6.325,16.000,0.169,0.326,0.184,0.05508,0.00061,2.61,2.4,0,1,"",balanza,fvilca,1,,0,"2024-11-23 02:14:38","2024-11-25 12:18:30",2,3,227,,,1
7222,"24-6989","2024-11-22",22,Noviembre,2024,"2024-11",negociacion,MINERAL,SULFURO,15,0,0.0085,1.472,1.46,1.46,1.441,0,0.00836,0.0133,53.775,97.235,0.9198,0.0,1.074,1.943,36.832,66.599,1.029,1.359,1.074,0.36838,0.01773,9.63,3.0,0,1,"",balanza,fvilca,1,,0,"2024-11-23 02:19:17","2024-11-25 12:11:12",6,14,251,,,10
7223,"24-7002","2024-11-22",22,Noviembre,2024,"2024-11",facturado,MINERAL,SULFURO,57,1,0.07,5.628,5.26,5.591,5.19,0,0.0065,0.0133,97.466,39.137,0.9103,0.0,0.508,0.204,17.433,7.000,0.473,0.142,0.508,0.37534,0.00025,1.8,2.6,0,1,"",balanza,farizapana,1,,0,"2024-11-23 02:24:29","2024-11-25 16:57:30",2,3,196,,,1
7224,"24-6998","2024-11-22",22,Noviembre,2024,"2024-11",negociacion,MINERAL,SULFURO,150,1,0.025,13.428,13.1,13.302,12.913,0,0.00936,0.0143,68.046,252.736,0.9043,0.0,0.149,0.554,5.116,19.000,0.139,0.387,0.149,0.18218,0.00058,1.53,2.6,0,1,"",balanza,fvilca,1,,0,"2024-11-23 02:29:35","2024-11-25 13:36:21",28,5,287,,,2
7225,"24-7001","2024-11-22",22,Noviembre,2024,"2024-11",negociacion,MINERAL,SULFURO,13,1,0.0085,1.059,1.05,1.051,1.036,0,0.0074,0.0131,53.148,106.150,0.9371,0.0,1.475,2.946,50.569,100.999,1.415,2.062,1.475,0.41082,0.01459,9.45,2.6,0,1,"",balanza,fvilca,1,,0,"2024-11-23 02:33:02","2024-11-25 13:50:48",6,18,489,,,10
7226,"24-7003","2024-11-22",22,Noviembre,2024,"2024-11","",MINERAL,SULFURO,20,1,0.025,1.773,1.73,1.758,1.707,0,0.00823,0.0132,11.909,47.817,0.9079,0.0,0.198,0.793,6.774,27.200,0.182,0.555,0.198,0.3137,0.00136,1.98,2.6,0,1,"",balanza,fvilca,1,,0,"2024-11-23 02:37:57","2024-11-26 04:36:03",28,5,39,,,2
7227,"24-6996","2024-11-22",22,Noviembre,2024,"2024-11",negociacion,MINERAL,SULFURO,180,1,0.025,15.867,15.48,15.721,15.26,0,0.0092,0.0142,116.586,345.859,,,0.216,0.642,7.416,22.000,0.201,0.449,0.216,0.28596,0.00059,,,0,1,"",balanza,fvilca,1,,0,"2024-11-23 02:42:01","2024-11-25 13:37:21",28,5,287,,,2
7228,"24-6991","2024-11-22",22,Noviembre,2024,"2024-11",negociacion,MINERAL,SULFURO,15,0,0.0085,1.573,1.56,1.562,1.539,0,0.00671,0.0133,52.982,85.597,0.921,0.0,0.989,1.598,33.919,54.799,0.944,1.118,0.989,0.35966,0.01732,12.06,2.6,0,1,"",balanza,fvilca,1,,0,"2024-11-23 02:59:49","2024-11-25 12:11:42",6,14,103,,,10
7229,"24-6987","2024-11-22",22,Noviembre,2024,"2024-11",negociacion,MINERAL,SULFURO,26,0,0.0085,2.229,2.21,2.199,2.17,0,0.01326,0.0182,120.502,296.422,0.9089,0.0,1.598,3.932,54.799,134.799,1.534,2.752,1.598,0.37583,0.02096,13.59,2.8,0,1,"",balanza,fvilca,1,,0,"2024-11-23 03:03:21","2024-11-25 15:35:47",6,14,472,,,10
7230,"24-6988","2024-11-22",22,Noviembre,2024,"2024-11",negociacion,MINERAL,SULFURO,9,0,0.0085,0.595,0.59,0.59,0.582,0,0.00833,0.0133,53.409,68.793,0.9241,0.0,2.64,3.401,90.524,116.599,2.561,2.38,2.64,0.0264,0.02014,15.83,2.6,0,1,"",balanza,fvilca,1,,0,"2024-11-23 03:05:30","2024-11-26 09:26:01",6,14,472,,,10
7231,"24-7000","2024-11-22",22,Noviembre,2024,"2024-11",negociacion,MINERAL,OXIDO,17,1,0.025,0.717,0.7,0.697,0.677,0,0.02775,0.0327,8.632,84.476,0.9116,0.0,0.361,3.535,12.385,121.199,0.331,2.474,0.361,0.25784,0.00162,2.88,4.0,0,1,"",balanza,fvilca,1,,0,"2024-11-23 06:15:49","2024-11-25 13:47:00",28,19,224,,,2
7232,"24-6999","2024-11-22",22,Noviembre,2024,"2024-11",negociacion,MINERAL,OXIDO,16,1,0.025,0.676,0.66,0.651,0.632,0,0.0368,0.0418,6.235,102.857,0.9032,0.0,0.279,4.608,9.577,157.999,0.259,3.225,0.279,0.03234,0.00174,3.69,2.8,0,1,"",balanza,fvilca,1,,0,"2024-11-23 10:59:54","2024-11-25 13:45:59",28,19,224,,,2
7233,"24-7007","2024-11-23",23,Noviembre,2024,"2024-11",negociacion,MINERAL,OXIDO,120,1,0.025,10.373,10.12,9.489,9.207,0,0.08525,0.0902,86.617,81.605,0.9064,0.0,0.266,0.251,9.128,8.600,0.246,0.175,0.266,0.25313,0.00129,3.78,4.0,0,1,"",balanza,fvilca,1,,0,"2024-11-23 11:05:25","2024-11-26 09:46:21",28,8,157,,,2
7234,"24-7014","2024-11-23",23,Noviembre,2024,"2024-11","",MINERAL,SULFURO,124,1,0.025,4.387,4.28,4.346,4.219,0,0.00939,0.0143,50.997,103.434,,,0.342,0.694,11.734,23.800,0.312,0.485,0.342,0.58281,0.00273,,,0,1,"",balanza,fvilca,1,,0,"2024-11-23 11:13:50","2024-11-24 17:22:02",11,25,247,,,16
7235,"24-7012","2024-11-23",23,Noviembre,2024,"2024-11","",MINERAL,OXIDO,23,1,0.025,1.066,1.04,1.052,1.021,0,0.01326,0.0182,33.780,37.451,,,0.937,1.038,32.110,35.600,0.891,0.726,0.937,0.23363,0.01559,,,0,1,"",balanza,fvilca,1,,0,"2024-11-23 11:21:50","2024-11-26 09:43:28",11,25,128,,,16
7236,"24-7008","2024-11-23",23,Noviembre,2024,"2024-11","",MINERAL,OXIDO,16,0,0.025,1.466,1.43,1.396,1.354,0,0.04794,0.0529,11.719,34.341,0.9069,0.0,0.245,0.718,8.395,24.600,0.224,0.502,0.245,0.21423,0.00018,2.61,3.0,0,1,"",balanza,fvilca,1,,0,"2024-11-23 11:29:06","2024-11-26 10:28:01",28,1,104,,,2
7237,"24-7006","2024-11-23",23,Noviembre,2024,"2024-11","",MINERAL,OXIDO,29,0,0.025,2.614,2.55,2.515,2.44,0,0.03803,0.043,9.174,122.731,0.8821,0.0,0.106,1.423,3.648,48.800,0.096,0.996,0.106,0.1468,0.00013,3.24,3.0,0,1,"",balanza,fvilca,1,,0,"2024-11-23 11:31:53","2024-11-26 10:28:23",28,1,104,,,2
7238,"24-7009","2024-11-23",23,Noviembre,2024,"2024-11","",MINERAL,OXIDO,51,1,0.025,2.409,2.35,2.348,2.278,0,0.0255,0.0305,10.852,21.601,,,0.135,0.268,4.622,9.200,0.124,0.187,0.135,0.22305,0.0003,,,0,1,"",balanza,fvilca,1,,0,"2024-11-23 11:57:35","2024-11-25 09:13:40",11,25,4,,,16
7241,"24-7015","2024-11-23",23,Noviembre,2024,"2024-11",negociacion,MINERAL,OXIDO,60,0,0.025,5.75,5.61,5.489,5.328,0,0.04539,0.0503,118.200,486.321,0.9092,0.0,0.628,2.584,21.534,88.599,0.588,1.808,0.628,0.0783,0.00024,4.14,3.0,0,1,"",balanza,fvilca,1,,0,"2024-11-23 12:48:32","2024-11-26 09:23:45",28,5,328,,,2
7242,"24-7011","2024-11-23",23,Noviembre,2024,"2024-11","",MINERAL,OXIDO,63,1,0.025,5.463,5.33,5.395,5.237,0,0.01242,0.0174,38.820,154.296,0.9041,0.0,0.21,0.834,7.196,28.600,0.194,0.583,0.21,0.20315,0.00012,1.62,3.0,0,1,"",balanza,fvilca,1,,0,"2024-11-23 13:42:12","2024-11-26 10:28:11",28,1,224,,,2
7243,"24-7016","2024-11-23",23,Noviembre,2024,"2024-11",negociacion,MINERAL,OXIDO,400,0,0.025,32.246,31.46,31.741,29.833,0,0.01566,0.0206,290.560,69.647,0.9197,0.0,0.267,0.064,9.154,2.194,0.247,0.044,0.267,0.01597,0.00006,2.7,2.8,0,1,"",balanza,balanza,1,,0,"2024-11-23 17:27:42","2024-11-26 10:53:14",35,49,268,,,7
7244,"24-7017","2024-11-23",23,Noviembre,2024,"2024-11","",MINERAL,OXIDO,40,1,0.025,4.325,4.22,4.272,4.147,0,0.01228,0.0172,30.413,130.722,0.9156,0.0,0.208,0.893,7.119,30.600,0.192,0.624,0.208,0.21207,0.00014,1.8,2.6,0,1,"",balanza,fvilca,1,,0,"2024-11-24 00:06:40","2024-11-26 10:27:45",28,1,140,,,2
7245,"24-7019","2024-11-24",24,Noviembre,2024,"2024-11","",MINERAL,MIXTO,6,0,0.0085,0.625,0.62,0.617,0.609,0,0.01286,0.0178,21.877,25.420,,,1.034,1.202,35.457,41.200,0.989,0.841,1.034,0.33114,0.00768,,,0,1,"",balanza,fvilca,1,,0,"2024-11-24 09:28:10","2024-11-25 15:42:42",6,14,134,,,10
7246,"24-7018","2024-11-24",24,Noviembre,2024,"2024-11","",ARENILLA,OXIDO,59,0,0.0085,4.337,4.3,4.227,4.17,0,0.02534,0.0303,36.396,62.559,,,0.251,0.432,8.610,14.800,0.231,0.302,0.251,0.108,0.00321,,,0,1,"",balanza,fvilca,1,,0,"2024-11-24 09:33:03","2024-11-25 15:42:35",6,14,134,,,10
7247,"24-7025","2024-11-24",24,Noviembre,2024,"2024-11","",MINERAL,OXIDO,79,1,0.025,2.962,2.89,2.851,2.767,0,0.03741,0.0424,39.752,224.657,,,0.407,2.298,13.943,78.799,0.376,1.608,0.407,0.08781,0.01337,,,0,0,"",balanza,mccoto,1,,0,"2024-11-24 17:43:11","2024-11-25 17:16:05",11,25,253,,,16
7248,"24-7020","2024-11-24",24,Noviembre,2024,"2024-11","",MINERAL,SULFURO,59,1,0.0085,5.355,5.31,5.317,5.238,0,0.00707,0.0135,42.348,103.149,,,0.232,0.566,7.965,19.400,0.212,0.396,0.232,0.22207,0.0122,,,0,1,"",balanza,fvilca,1,,0,"2024-11-24 17:47:28","2024-11-26 09:14:47",6,28,57,,,10
7249,"24-7021","2024-11-24",24,Noviembre,2024,"2024-11","",MINERAL,SULFURO,60,1,0.0085,5.375,5.33,5.321,5.251,0,0.00999,0.0149,51.992,92.585,,,0.285,0.508,9.771,17.400,0.264,0.355,0.285,0.47589,0.01052,,,0,1,"",balanza,fvilca,1,,0,"2024-11-24 18:53:43","2024-11-25 15:43:05",6,18,57,,,10
7250,"24-7032","2024-11-24",24,Noviembre,2024,"2024-11","",MINERAL,SULFURO,0,1,0.025,4.838,4.72,4.809,4.657,0,0.0059,0.0133,48.264,340.474,,,0.293,2.065,10.036,70.799,0.272,1.445,0.293,0.15023,0.00174,,,0,0,"",balanza,mccoto,1,,0,"2024-11-24 19:01:56","2024-11-25 17:16:16",28,5,319,,,2
7251,"24-7023","2024-11-24",24,Noviembre,2024,"2024-11","",MINERAL,OXIDO,80,1,0.025,6.98,6.81,6.858,6.657,0,0.01743,0.0224,27.426,545.892,,,0.117,2.322,3.999,79.599,0.106,1.625,0.117,0.13112,0.00007,,,0,0,"",balanza,mccoto,1,,0,"2024-11-24 19:06:13","2024-11-26 10:15:04",28,1,24,,,2
7252,"24-7024","2024-11-24",24,Noviembre,2024,"2024-11","",MINERAL,SULFURO,283,1,0.025,11.623,11.34,11.477,11.142,0,0.01259,0.0175,98.818,337.421,,,0.251,0.858,8.610,29.400,0.231,0.6,0.251,0.16043,0.00071,,,0,0,"",balanza,mccoto,1,,0,"2024-11-24 20:46:45","2024-11-25 15:22:50",11,25,174,,,16
7253,"24-7036","2024-11-24",24,Noviembre,2024,"2024-11","",MINERAL,OXIDO,150,1,0.025,13.612,13.28,12.914,12.532,0,0.05131,0.0563,78.972,98.145,,,0.178,0.222,6.115,7.600,0.168,0.155,0.178,0.13269,0.00005,,,0,0,"",balanza,mccoto,1,,0,"2024-11-24 23:53:00","2024-11-26 09:43:34",28,5,287,,,2
7254,"24-7034","2024-11-24",24,Noviembre,2024,"2024-11","",MINERAL,SULFURO,151,1,0.025,13.192,12.87,0.0,0.0,0,,,0.000,0.000,,,,,0.000,0.000,,,0.5,,,,,0,0,"",balanza,balanza,1,,0,"2024-11-24 23:55:50","2024-11-24 23:55:50",28,5,287,,,2
7255,"24-7029","2024-11-24",24,Noviembre,2024,"2024-11","",MINERAL,OXIDO,49,1,0.025,4.233,4.13,3.92,3.805,0,0.07386,0.0788,46.076,120.735,,,0.343,0.898,11.754,30.800,0.312,0.628,0.343,0.21119,0.0003,,,0,0,"",balanza,mccoto,1,,0,"2024-11-25 00:08:13","2024-11-25 17:16:09",28,5,287,,,2
7256,"24-7037","2024-11-24",24,Noviembre,2024,"2024-11","",ARENILLA,SULFURO,217,1,0.07,15.922,14.88,13.236,12.297,0,0.16869,0.1736,97.142,214.421,,,0.214,0.473,7.339,16.200,0.199,0.33,0.214,0.03146,0.00058,,,0,0,"",balanza,mccoto,1,,0,"2024-11-25 00:53:31","2024-11-26 09:43:36",2,3,106,,,1
7257,"24-7022","2024-11-24",24,Noviembre,2024,"2024-11","",MINERAL,SULFURO,123,1,0.025,5.514,5.38,5.411,5.252,0,0.0187,0.0237,67.398,195.876,,,0.363,1.056,12.456,36.200,0.333,0.739,0.363,0.17601,0.00085,,,0,0,"",balanza,mccoto,1,,0,"2024-11-25 01:00:42","2024-11-26 10:01:17",11,25,174,,,16
7258,"24-7026","2024-11-24",24,Noviembre,2024,"2024-11","",MINERAL,SULFURO,60,1,0.025,2.327,2.27,2.297,2.229,0,0.0129,0.0179,0.000,0.000,,,,,0.000,0.000,,,0.4,,,,,0,0,"",balanza,mccoto,1,,0,"2024-11-25 01:04:37","2024-11-25 18:28:12",11,25,174,,,16
7259,"24-7033","2024-11-24",24,Noviembre,2024,"2024-11","",MINERAL,MIXTO,196,1,0.025,6.98,6.81,6.887,6.685,0,0.01339,0.0183,83.927,243.798,,,0.355,1.033,12.186,35.400,0.325,0.722,0.355,0.40445,0.00161,,,0,0,"",balanza,mccoto,1,,0,"2024-11-25 01:11:24","2024-11-25 17:16:18",11,25,32,,,16
7260,"24-7028","2024-11-24",24,Noviembre,2024,"2024-11","",MINERAL,SULFURO,90,1,0.025,3.372,3.29,3.332,3.235,0,0.0118,0.0168,76.074,197.919,,,0.666,1.733,22.831,59.399,0.625,1.212,0.666,0.28332,0.0035,,,0,0,"",balanza,mccoto,1,,0,"2024-11-25 01:16:46","2024-11-25 17:16:07",11,25,32,,,16
7261,"24-7031","2024-11-24",24,Noviembre,2024,"2024-11","",MINERAL,OXIDO,156,1,0.025,5.894,5.75,5.736,5.568,0,0.02675,0.0317,65.142,309.741,,,0.331,1.575,11.357,53.999,0.301,1.102,0.331,0.24422,0.00193,,,0,0,"",balanza,mccoto,1,,0,"2024-11-25 01:19:13","2024-11-25 17:16:14",11,25,32,,,16
7262,"24-7030","2024-11-24",24,Noviembre,2024,"2024-11","",MINERAL,OXIDO,26,1,0.025,2.163,2.11,2.084,2.023,0,0.0364,0.0414,9.629,27.092,,,0.135,0.379,4.621,13.000,0.124,0.265,0.135,0.4458,0.00024,,,0,0,"",balanza,mccoto,1,,0,"2024-11-25 01:26:03","2024-11-25 17:16:12",28,1,203,,,2
7263,"24-7027","2024-11-24",24,Noviembre,2024,"2024-11","",MINERAL,MIXTO,26,1,0.025,2.194,2.14,2.182,2.112,0,0.00554,0.013,11.064,22.693,,,0.148,0.303,5.071,10.400,0.137,0.212,0.148,0.18042,0.00017,,,0,0,"",balanza,mccoto,1,,0,"2024-11-25 01:30:45","2024-11-26 09:43:30",28,1,203,,,2
7264,"24-7038","2024-11-24",24,Noviembre,2024,"2024-11","",MINERAL,OXIDO,23,1,0.025,2.398,2.34,2.194,2.129,0,0.08513,0.0901,13.770,167.181,,,0.183,2.223,6.276,76.199,0.168,1.555,0.183,0.05459,0.00008,,,0,0,"",balanza,mccoto,1,,0,"2024-11-25 01:35:02","2024-11-26 09:43:39",28,5,39,,,2
7265,"24-7035","2024-11-24",24,Noviembre,2024,"2024-11","",MINERAL,OXIDO,32,1,0.025,3.341,3.26,3.156,3.064,0,0.05524,0.0602,32.614,78.899,,,0.301,0.729,10.334,25.000,0.281,0.51,0.301,0.17503,0.00007,,,0,0,"",balanza,mccoto,1,,0,"2024-11-25 01:38:38","2024-11-26 09:43:32",28,5,39,,,2
7266,"24-7041","2024-11-25",25,Noviembre,2024,"2024-11","",MINERAL,SULFURO,16,1,0.07,1.594,1.49,1.582,1.47,0,0.00771,0.0132,28.387,10.757,,,0.523,0.198,17.943,6.800,0.488,0.138,0.523,0.40366,0.00019,,,0,0,"",balanza,mccoto,1,,0,"2024-11-25 02:44:19","2024-11-26 09:43:43",2,3,6,,,1
7267,"24-7040","2024-11-24",24,Noviembre,2024,"2024-11","",MINERAL,SULFURO,20,1,0.07,1.937,1.81,1.925,1.786,0,0.0063,0.013,42.167,17.325,,,0.639,0.263,21.905,9.000,0.598,0.183,0.639,0.3873,0.00024,,,0,0,"",balanza,mccoto,1,,0,"2024-11-25 02:46:43","2024-11-26 09:43:41",2,3,6,,,1
7268,"24-7042","2024-11-25",25,Noviembre,2024,"2024-11","",ARENILLA,SULFURO,152,1,0.07,10.09,9.43,8.182,7.601,0,0.18906,0.194,37.802,121.092,,,0.135,0.432,4.620,14.800,0.124,0.302,0.135,0.02234,0.00053,,,0,0,"",balanza,mccoto,1,,0,"2024-11-25 04:08:29","2024-11-26 09:43:45",2,3,6,,,1
7269,"24-7039","2024-11-24",24,Noviembre,2024,"2024-11","",MINERAL,OXIDO,345,1,0.025,26.035,25.4,0.0,0.0,0,,,0.000,0.000,,,,,0.000,0.000,,,0.8,,,,,0,0,"",balanza,balanza,1,,0,"2024-11-25 04:29:51","2024-11-25 04:29:51",1,7,449,,,7
7270,"24-7043","2024-11-25",25,Noviembre,2024,"2024-11","",MINERAL,OXIDO,97,0,0.025,8.446,8.24,8.387,8.129,0,0.007,0.0135,0.000,0.000,,,,,0.000,0.000,,,0.4,,,,,0,0,"",balanza,mccoto,1,,0,"2024-11-25 04:39:05","2024-11-26 10:08:52",35,49,,,,7
7271,"24-7044","2024-11-25",25,Noviembre,2024,"2024-11","",MINERAL,OXIDO,95,0,0.025,7.482,7.3,7.428,7.201,0,0.00719,0.0135,0.000,0.000,,,,,0.000,0.000,,,0.3,,,,,0,0,"",balanza,mccoto,1,,0,"2024-11-25 08:02:07","2024-11-25 18:31:09",35,49,,,,7
7272,"24-7045","2024-11-25",25,Noviembre,2024,"2024-11","",MINERAL,OXIDO,42,0,0.025,3.895,3.8,3.849,3.736,0,0.01189,0.0168,0.000,0.000,,,,,0.000,0.000,,,0.3,,,,,0,0,"",balanza,balanza,1,,0,"2024-11-25 09:01:17","2024-11-25 19:35:54",35,49,268,,,7
7273,"24-7048","2024-11-25",25,Noviembre,2024,"2024-11","",MINERAL,OXIDO,0,0,0.025,16.605,16.2,16.429,15.947,0,0.01061,0.0156,0.000,0.000,,,,,0.000,0.000,,,0.4,,,,,0,0,"",balanza,balanza,1,,0,"2024-11-25 09:30:22","2024-11-25 19:35:17",21,11,268,,,7
7274,"24-7047","2024-11-25",25,Noviembre,2024,"2024-11","",MINERAL,OXIDO,46,1,0.025,3.731,3.64,3.69,3.582,0,0.01092,0.0159,0.000,0.000,,,,,0.000,0.000,,,0.3,,,,,0,0,"",balanza,mccoto,1,,0,"2024-11-25 09:33:04","2024-11-25 18:32:11",35,49,,,,7
7275,"24-7046","2024-11-25",25,Noviembre,2024,"2024-11","",MINERAL,MIXTO,61,1,0.025,5.433,5.3,5.37,5.213,0,0.01152,0.0165,0.000,0.000,,,,,0.000,0.000,,,0.4,,,,,0,0,"",balanza,mccoto,1,,0,"2024-11-25 10:56:47","2024-11-26 10:09:27",35,11,525,,,7
7276,"24-7049","2024-11-25",25,Noviembre,2024,"2024-11","",MINERAL,OXIDO,135,1,0.025,10.558,10.3,10.462,10.156,0,0.00909,0.014,0.000,0.000,,,,,0.000,0.000,,,0.4,,,,,0,0,"",balanza,mccoto,1,,0,"2024-11-25 12:00:57","2024-11-26 10:09:58",35,11,525,,,7
7277,"24-7050","2024-11-25",25,Noviembre,2024,"2024-11","",MINERAL,SULFURO,52,1,0.0085,4.024,3.99,3.973,3.919,0,0.01277,0.0177,0.000,0.000,,,,,0.000,0.000,,,0.9,,,,,0,0,"",balanza,mccoto,1,,0,"2024-11-25 12:13:45","2025-03-08 23:01:24",6,28,307,,,10
7278,"24-7052","2024-11-25",25,Noviembre,2024,"2024-11","",MINERAL,SULFURO,0,1,0.0085,5.769,5.72,0.0,0.0,0,,,0.000,0.000,,,,,0.000,0.000,,,0.8,,,,,0,0,"",balanza,balanza,1,,0,"2024-11-25 14:28:01","2024-11-25 14:28:01",6,18,489,,,10
7279,"24-7053","2024-11-25",25,Noviembre,2024,"2024-11","",MINERAL,SULFURO,150,1,0.0085,5.153,5.11,0.0,0.0,0,,,0.000,0.000,,,,,0.000,0.000,,,0.8,,,,,0,0,"",balanza,balanza,1,,0,"2024-11-25 14:31:06","2024-11-25 14:31:06",6,18,489,,,10
7280,"24-7051","2024-11-25",25,Noviembre,2024,"2024-11","",MINERAL,OXIDO,85,1,0.025,7.329,7.15,0.0,0.0,0,,,0.000,0.000,,,,,0.000,0.000,,,0.4,,,,,0,0,"",balanza,balanza,1,,0,"2024-11-25 14:43:52","2024-11-25 14:43:52",21,11,525,,,7
7281,"24-7054","2024-11-25",25,Noviembre,2024,"2024-11","",MINERAL,OXIDO,15,1,0.0085,1.261,1.25,0.0,0.0,0,,,0.000,0.000,,,,,0.000,0.000,,,0.9,,,,,0,0,"",balanza,balanza,1,,0,"2024-11-25 16:25:29","2024-11-25 16:25:29",6,28,297,,,10
7282,"24-7055","2024-11-25",25,Noviembre,2024,"2024-11","",MINERAL,SULFURO,201,1,0.025,20.151,19.66,0.0,0.0,0,,,0.000,0.000,,,,,0.000,0.000,,,0.5,,,,,0,0,"",balanza,balanza,1,,0,"2024-11-25 17:50:39","2024-11-25 20:03:48",28,5,287,,,2
7283,"24-7060","2024-11-25",25,Noviembre,2024,"2024-11","",MINERAL,SULFURO,10,1,0.025,0.758,0.74,0.0,0.0,0,,,0.000,0.000,,,,,0.000,0.000,,,0.4,,,,,0,0,"",balanza,balanza,1,,0,"2024-11-26 00:06:48","2024-11-26 00:06:48",11,25,4,,,16
7284,"24-7058","2024-11-25",25,Noviembre,2024,"2024-11","",MINERAL,SULFURO,62,1,0.025,2.419,2.36,0.0,0.0,0,,,0.000,0.000,,,,,0.000,0.000,,,0.4,,,,,0,0,"",balanza,balanza,1,,0,"2024-11-26 00:09:37","2024-11-26 00:09:37",11,25,4,,,16
7285,"24-7056","2024-11-25",25,Noviembre,2024,"2024-11","",ARENILLA,SULFURO,13,1,0.025,1.076,1.05,0.0,0.0,0,,,0.000,0.000,,,,,0.000,0.000,,,0.4,,,,,0,0,"",balanza,balanza,1,,0,"2024-11-26 00:36:04","2024-11-26 00:36:04",11,25,315,,,16
7286,"24-7059","2024-11-25",25,Noviembre,2024,"2024-11","",ARENILLA,OXIDO,76,1,0.025,6.263,6.11,0.0,0.0,0,,,0.000,0.000,,,,,0.000,0.000,,,0.45,,,,,0,0,"",balanza,balanza,1,,0,"2024-11-26 00:39:34","2024-11-26 00:39:34",37,45,348,,,15
7287,"24-7057","2024-11-25",25,Noviembre,2024,"2024-11","",ARENILLA,OXIDO,74,1,0.025,5.689,5.55,0.0,0.0,0,,,0.000,0.000,,,,,0.000,0.000,,,0.45,,,,,0,0,"",balanza,balanza,1,,0,"2024-11-26 00:42:24","2024-11-26 00:42:24",37,45,132,,,15
7288,"24-7064","2024-11-26",26,Noviembre,2024,"2024-11","",MINERAL,SULFURO,6,1,0.025,0.338,0.33,0.0,0.0,0,,,0.000,0.000,,,,,0.000,0.000,,,0.4,,,,,0,0,"",balanza,balanza,1,,0,"2024-11-26 01:30:14","2024-11-26 01:30:14",11,25,253,,,16
7289,"24-7063","2024-11-26",26,Noviembre,2024,"2024-11","",MINERAL,SULFURO,5,1,0.025,0.226,0.22,0.0,0.0,0,,,0.000,0.000,,,,,0.000,0.000,,,0.4,,,,,0,0,"",balanza,balanza,1,,0,"2024-11-26 01:35:03","2024-11-26 01:35:03",11,25,253,,,16
7290,"24-7062","2024-11-25",25,Noviembre,2024,"2024-11","",MINERAL,SULFURO,30,1,0.025,0.974,0.95,0.0,0.0,0,,,0.000,0.000,,,,,0.000,0.000,,,0.4,,,,,0,0,"",balanza,balanza,1,,0,"2024-11-26 01:40:40","2024-11-26 01:40:40",11,25,253,,,16
7291,"24-7061","2024-11-25",25,Noviembre,2024,"2024-11","",MINERAL,SULFURO,24,1,0.025,0.84,0.82,0.0,0.0,0,,,0.000,0.000,,,,,0.000,0.000,,,0.4,,,,,0,0,"",balanza,balanza,1,,0,"2024-11-26 01:45:56","2024-11-26 01:45:56",11,25,253,,,16
7292,"24-7065","2024-11-26",26,Noviembre,2024,"2024-11","",MINERAL,SULFURO,29,1,0.025,1.046,1.02,0.0,0.0,0,,,0.000,0.000,,,,,0.000,0.000,,,0.4,,,,,0,0,"",balanza,balanza,1,,0,"2024-11-26 01:58:25","2024-11-26 01:58:25",11,25,517,,,16
7293,"24-7066","2024-11-26",26,Noviembre,2024,"2024-11","",ARENILLA,SULFURO,10,1,0.025,0.912,0.89,0.0,0.0,0,,,0.000,0.000,,,,,0.000,0.000,,,0.4,,,,,0,0,"",balanza,balanza,1,,0,"2024-11-26 02:19:03","2024-11-26 02:19:03",11,25,517,,,16
7294,"24-7068","2024-11-26",26,Noviembre,2024,"2024-11","",ARENILLA,SULFURO,202,1,0.025,14.401,14.05,0.0,0.0,0,,,0.000,0.000,,,,,0.000,0.000,,,0.4,,,,,0,0,"",balanza,balanza,1,,0,"2024-11-26 05:17:54","2024-11-26 05:17:54",11,25,396,,,16
7295,"24-7067","2024-11-26",26,Noviembre,2024,"2024-11","",MINERAL,SULFURO,122,1,0.025,8.835,8.62,0.0,0.0,0,,,0.000,0.000,,,,,0.000,0.000,,,0.4,,,,,0,0,"",balanza,balanza,1,,0,"2024-11-26 05:22:13","2024-11-26 05:22:13",11,25,396,,,16
7296,"24-7069","2024-11-26",26,Noviembre,2024,"2024-11","",MINERAL,SULFURO,0,1,0.0085,81.235,80.55,27.119,0.0,0,,,0.000,0.000,,,,,0.000,0.000,,,0.3,,,,,0,0,"",balanza,balanza,1,,0,"2024-11-26 08:56:54","2024-11-26 09:14:31",37,69,516,,,15
7297,"24-12121","2024-12-12",12,Diciembre,2024,"2024-12","",MINERAL,SULFURO,15,1,0.025,5.033,4.91,0.0,0.0,0,,,0.000,0.000,0.83685,0.05967,80.035,-36.28,2744.000,-1243.860,78.034,0.0,80.035,,0.00718,5.8971,32.4903,0,0,"",admin,admin,1,,0,"2024-12-12 15:13:32","2025-03-03 17:28:53",2,6,4,,,2
7298,"25-01031","2025-01-03",3,Enero,2025,"2025-01",renegociacion,MINERAL,OXIDO,5,1,0.025,5.239,5.111,5.1,4.95,0,0.0266,0.0315,437.134,601.496,0.8345,0.05865,2.5,3.44,85.712,117.940,2.4,2.408,2.5,0.0,0.00718,10.5279,15.0,0,1,"",admin,admin,1,,0,"2025-01-03 14:12:50","2025-02-13 12:43:34",26,32,1,,,13
7299,"25-01032","2025-01-03",3,Enero,2025,"2025-01",facturado,MINERAL,SULFURO,13,1,0.025,21.001,20.489,20.468,19.866,0,0.0254,0.0304,2568.388,1473.665,,,3.66,2.1,125.483,71.998,3.55,1.47,3.66,0.0,,,,0,1,"",admin,admin,1,,0,"2025-01-03 14:13:40","2025-01-27 12:12:19",21,5,567,,,2
7300,"25-01033","2025-01-03",3,Enero,2025,"2025-01","",MINERAL,OXIDO,15,1,0.025,25.614,24.989,24.42,23.7,0,0.0466,0.0516,827.193,1205.625,,,0.988,1.44,33.874,49.370,0.943,1.008,0.988,0.0,,,,0,1,"",admin,admin,1,,0,"2025-01-03 14:14:10","2025-01-03 14:23:17",6,53,17,,,6
7301,"25-01034","2025-01-03",3,Enero,2025,"2025-01",negociacion,MINERAL,OXIDO,21,1,0.025,14.621,14.264,13.94,13.528,0,0.0466,0.0516,259.995,1749.234,,,0.544,3.66,18.651,125.483,0.509,2.562,0.544,0.0,,,,0,1,"",admin,admin,1,,0,"2025-01-03 14:50:30","2025-02-12 19:31:30",6,52,18,,,5
7302,"25-0123","2025-01-23",23,Enero,2025,"2025-01","",MINERAL,OXIDO,27,0,0.0,48.66,48.66,48.389,48.388,1,0.00556,0.0056,0.000,0.000,,,,,0.000,0.000,,,1.0,,,,,0,0,"",admin,admin,1,,0,"2025-01-23 15:08:55","2025-01-23 16:53:06",1,29,469,,,12
7303,"25-7777","2024-12-28",28,Diciembre,2024,"2024-12","",ARENILLA,MIXTO,51,0,2.5,3.5,1.0,0.0,0.0,0,,,0.000,0.000,,,,,0.000,0.000,,,0.4,,,,,0,0,esto solo es una prueba,japaza,japaza,1,,0,"2025-01-28 14:20:04","2025-01-28 14:20:04",4,11,469,,,7
7304,"25-29011","2025-01-29",29,Enero,2025,"2025-01","",MINERAL,OXIDO,15,0,0.025,5.296,5.167,0.0,0.0,0,,,0.000,0.000,,,,,0.000,0.000,,,1.0,,,,,0,0,"",admin,admin,1,,0,"2025-01-29 16:02:39","2025-01-29 16:02:39",32,29,469,,,12
7305,"25-29012","2025-01-31",31,Enero,2025,"2025-01","",MINERAL,OXIDO,12,1,0.025,3.061,2.986,3.017,2.943,0,0.0144,0.0144,171.707,263.767,,,1.66,2.55,56.913,87.427,1.593,2.55,1.66,0.01,,,,0,0,"",admin,admin,1,,0,"2025-01-29 17:02:46","2025-01-31 12:56:49",1,29,469,,,12
7306,"25-29013","2025-02-02",2,Febrero,2025,"2025-02",facturado,MINERAL,OXIDO,18,1,0.025,10.764,10.501,10.598,10.339,0,0.0154,0.0154,146.068,51.959,0.8345,0.05865,0.402,0.143,13.783,4.903,0.372,0.1,0.402,0.0,0.00066,18.6509,9.0,0,1,"",admin,admin,1,,0,"2025-01-29 17:29:05","2025-03-04 09:13:33",1,3,469,,,1
7307,"25-02071","2025-02-07",7,Febrero,2025,"2025-02","",MINERAL,OXIDO,18,0,0.0,24.067,24.067,19.013,19.013,1,0.21,0.21,12517.029,-4498.491,0.92898,0.57671,19.202,-6.901,658.341,-236.601,18.433,0.0,19.202,0.60179,0.0,7.2142,2.0,0,0,"",admin,japaza,1,,0,"2025-02-07 17:52:22","2025-03-08 23:01:19",1,29,469,,,12
7308,"25-02072","2025-02-07",7,Febrero,2025,"2025-02","",MINERAL,SULFURO,22,1,0.0,12.811,12.811,12.478,12.478,0,0.026,0.026,112.086,209.198,0.8345,0.05865,0.262,0.489,8.983,16.765,0.251,0.489,0.262,,0.00718,7.1359,2.0,0,0,"",admin,admin,1,,0,"2025-02-07 17:52:59","2025-02-21 17:07:49",1,29,469,,,12
7309,"25-02073","2025-02-07",7,Febrero,2025,"2025-02","",MINERAL,OXIDO,12,0,0.025,12.005,11.712,11.977,11.685,0,0.00232,0.0023,32207.467,-14599.590,0.89966,0.6487,78.434,-35.554,2689.110,-1218.969,75.296,0.0,78.434,1.2761,0.0,7.087,2.0,0,0,"",admin,japaza,1,,0,"2025-02-07 18:02:55","2025-03-08 23:01:20",1,29,469,,,12
7310,"25-02101","2025-02-10",10,Febrero,2025,"2025-02","",MINERAL,OXIDO,12,1,0.025,14.499,14.145,13.919,13.508,0,0.04,0.045,23580.999,-15228.819,0.93139,0.58949,49.414,-31.912,1694.159,-1094.103,48.178,0.0,49.414,0.0,0.00099,8.2615,2.0,0,0,"",admin,admin,1,,0,"2025-02-10 12:00:10","2025-02-27 18:22:37",29,6,348,,,2
7311,"25-02102","2025-02-10",10,Febrero,2025,"2025-02","",MINERAL,SULFURO,14,1,0.048,9.677,9.234,9.556,9.072,0,0.0125,0.0175,287.329,305.349,0.9282,0.24654,0.877,0.932,30.068,31.954,0.832,0.652,0.877,0.2094,0.00004,10.5279,10.0,0,0,"",admin,admin,1,,0,"2025-02-10 12:26:21","2025-03-08 08:29:04",18,6,5,,,2
7312,"25-02103","2025-02-10",10,Febrero,2025,"2025-02","",MINERAL,SULFURO,10,1,0.048,16.276,15.531,0.0,0.0,0,,,0.000,0.000,0.91773,1.0,0.162,0.435,5.554,14.914,0.152,0.304,0.162,0.20805,0.00003,10.9189,10.0,0,0,"",admin,admin,1,,0,"2025-02-10 15:22:29","2025-03-08 10:30:42",5,6,16,,,2
7313,"25-02104","2025-02-10",10,Febrero,2025,"2025-02","",MINERAL,SULFURO,13,1,0.07,25.554,23.882,25.416,23.753,1,0.00539,0.0054,184.734,941.970,1.0,1.0,0.212,1.081,7.268,37.062,0.197,0.756,0.212,,0.0089,27.8638,1.3,0,0,"",admin,japaza,1,,0,"2025-02-10 18:22:18","2025-02-28 10:39:37",5,2,4,,,14
7314,"25-02105","2025-02-10",10,Febrero,2025,"2025-02","",MINERAL,SULFURO,12,1,0.025,9.976,9.733,0.0,0.0,0,,,0.000,0.000,1.0,1.0,0.586,1.373,20.091,47.073,0.55,0.961,0.586,0.0,0.0,,,0,0,"",admin,admin,1,,0,"2025-02-10 18:42:33","2025-02-13 15:28:06",29,5,3,,,2
7315,"25-00001","2024-12-28",28,Diciembre,2024,"2024-12","",ARENILLA,OXIDO,200,0,7.0,0.0,0.0,0.0,0.0,0,,,0.000,0.000,0.86596,0.2296,15.0,1.03,514.275,35.314,14.625,0.721,15.0,0.00296,0.00005,6.0382,50.9386,0,0,esto solo es una prueba,japaza,japaza,1,,0,"2025-02-18 09:45:59","2025-03-01 09:49:46",30,11,469,,,7
7316,"25-00002","2025-02-18",18,Febrero,2025,"2025-02",negociacion,ARENILLA,MIXTO,5,1,2.5,0.245,0.07,0.243,0.07,1,0.00714,0.0071,1.350,3.624,1.0,1.0,0.162,0.435,5.554,14.914,0.152,0.304,0.162,0.20803,0.00236,6.4963,110.8252,0,1,esto solo es una prueba,japaza,japaza,1,,0,"2025-02-18 11:32:11","2025-03-08 09:12:26",28,11,469,,,7
7317,"25-00003","2025-02-11",11,Febrero,2025,"2025-02","",ARENILLA,SULFURO,5,1,2.5,0.245,0.07,0.239,0.068,0,0.025,0.03,3.114,0.000,1.0,1.0,0.38,0.0,13.028,0.000,0.35,0.0,0.38,0.026,0.00066,,,0,0,esto solo es una prueba,japaza,japaza,1,,0,"2025-02-18 12:50:33","2025-03-08 10:49:31",26,2,3,,,14
7318,"25-02181","2025-02-18",18,Febrero,2025,"2025-02","",MINERAL,OXIDO,15,1,0.025,9.182,8.958,0.0,0.0,0,,,0.000,0.000,1.0,1.0,0.162,0.435,5.554,14.914,0.152,0.304,0.162,0.20805,0.0,,,0,0,"",admin,admin,1,,0,"2025-02-18 14:52:13","2025-03-07 18:21:22",20,32,3,,,13
7319,"25-02182","2025-02-18",18,Febrero,2025,"2025-02",negociacion,MINERAL,SULFURO,10,1,0.025,18.974,18.511,18.689,18.141,0,0.015,0.02,651.004,3090.349,,,1.016,4.823,34.834,165.357,0.971,3.376,1.016,,,,,0,1,"",admin,admin,1,,0,"2025-02-18 14:53:06","2025-03-07 18:17:15",18,4,469,,,13
7320,"25-02183","2025-02-18",18,Febrero,2025,"2025-02","",MINERAL,SULFURO,25,0,0.025,11.936,11.645,0.0,0.0,0,,,0.000,0.000,,,0.996,4.726,34.148,162.031,0.956,4.726,0.996,0.06915,,,,0,0,"",admin,admin,1,,0,"2025-02-18 14:54:37","2025-03-08 23:01:17",18,29,469,,,12
7321,"25-02211","2025-02-21",21,Febrero,2025,"2025-02","",MINERAL,SULFURO,15,1,0.025,23.027,22.465,22.785,22.229,1,0.01053,0.0105,617.916,609.323,,,0.791,0.78,27.119,26.742,0.751,0.545,0.791,0.0,,6.0498,2.0,0,0,"",admin,japaza,1,,0,"2025-02-21 14:57:28","2025-03-05 13:46:14",20,32,2,,,13
7322,"25-02212","2025-02-21",21,Febrero,2025,"2025-02","",MINERAL,SULFURO,24,1,0.025,24.607,24.007,0.0,0.0,0,,,0.000,0.000,,,1.352,1.904,46.353,65.279,1.297,1.332,1.352,,,6.1471,1.0,0,0,"",admin,admin,1,,0,"2025-02-21 14:58:39","2025-02-25 17:53:50",18,32,6,,,13
7323,"25-02213","2025-02-21",21,Febrero,2025,"2025-02","",MINERAL,SULFURO,45,1,0.048,28.355,27.056,28.284,26.988,1,0.0025,0.0025,767.046,756.379,0.08248,0.05251,0.791,0.78,27.119,26.742,0.751,0.545,0.791,,0.0,8.3155,1.0,0,0,"",admin,vvilca,1,,0,"2025-02-21 14:59:16","2025-02-27 18:08:02",18,51,4,,,4
7324,"25-02241","2025-02-24",24,Febrero,2025,"2025-02","",MINERAL,OXIDO,32,1,0.025,22.522,21.973,22.109,21.571,0,0.01833,0.0183,759.523,2062.537,,,1.002,2.721,34.354,93.289,0.961,2.721,1.002,0.65456,,,,0,0,"",admin,japaza,1,,0,"2025-02-24 12:37:27","2025-03-08 23:01:21",35,29,469,,,12
7325,"25-02242","2025-02-24",24,Febrero,2025,"2025-02","",MINERAL,MIXTO,14,1,0.048,8.815,8.411,8.705,8.306,1,0.0125,0.0125,403.506,568.251,0.92119,0.57236,1.352,1.904,46.353,65.279,1.297,1.332,1.352,,0.0,6.3385,1.0,0,0,"",admin,vvilca,1,,0,"2025-02-24 12:51:38","2025-02-27 18:41:46",29,6,5,,,2
7335,"25-02243","2025-02-24",24,Febrero,2025,"2025-02","",MINERAL,OXIDO,14,0,0.07,26.511,24.777,26.082,24.378,0,0.01617,0.0161,144.864,733.262,,,0.162,0.82,5.554,28.114,0.162,0.82,0.162,0.20805,,,,0,0,"",admin,japaza,1,,0,"2025-02-24 16:38:48","2025-03-08 09:21:17",18,60,83,,,11
7336,"25-03081","2025-03-08",8,Marzo,2025,"2025-03","",MINERAL,OXIDO,14,1,0.025,29.212,28.5,28.998,28.292,0,0.00733,0.0073,614.413,464.290,0.83143,0.03927,0.618,0.467,21.188,16.011,0.593,0.467,0.618,0.2099,0.00006,7.8901,14.1954,0,0,"",admin,admin,1,,0,"2025-03-08 22:45:43","2025-03-09 01:21:07",1,29,469,,,12
7337,"25-03082","2025-03-08",8,Marzo,2025,"2025-03","",MINERAL,OXIDO,10,1,0.025,14.83,14.468,14.457,14.103,1,0.02518,0.0252,678.060,1015.604,0.95007,0.91504,1.368,2.049,46.902,70.250,1.313,1.434,1.368,0.13944,0.00022,7.9648,3.9747,0,0,"",admin,vvilca,1,,0,"2025-03-08 22:50:28","2025-03-11 15:33:50",18,6,36,,,2
7338,"25-123456789","2025-03-10",10,Marzo,2025,"2025-03","",MINERAL,SULFURO,12,1,0.01,0.002,0.002,0.002,0.002,0,0.00565,0.013,0.139,0.181,,,2.028,2.634,69.530,90.307,1.946,1.843,2.028,0.23534,,11.0445,2.8391,0,0,esto solo es una prueba,japaza,vvilca,1,,0,"2025-03-10 09:49:11","2025-03-11 15:39:18",32,11,1,,,7
